from,to,distance
6703400-006,6703400-004,0.7942443490028381
6700200-001,6700200-004,1.7367115020751953
6700200-025,6700800-004,1.4581255912780762
6700500-021,6700500-011,2.333346366882324
6703300-027,6703700-026,0.7169196009635925
6702300-010,6702300-003,1.7928160429000854
6702800-019,6702800-005,0.28254956007003784
6700500-013,6700500-012,1.1143715381622314
6702800-012,6702800-002,2.5089640617370605
6703700-015,6703700-008,0.3427087962627411
6700500-016,6700500-017,0.9608592987060547
6700800-010,6700800-002,1.7478474378585815
6703700-001,6703200-037,0.613877534866333
6703500-030,6703500-028,1.7632161378860474
6703500-049,6703500-041,0.8185481429100037
6700600-007,6700600-006,2.5424983501434326
6702800-004,6702800-003,1.516241192817688
6702800-007,6702800-008,1.1102912425994873
6701700-010,6701600-009,2.2869977951049805
6703700-033,6703400-026,0.986194908618927
6703400-040,6703400-015,1.0864083766937256
6702800-019,6702800-018,1.7469600439071655
6703700-022,6703700-024,0.33717647194862366
6700900-002,6700900-003,1.1611310243606567
6700100-026,6700200-019,1.780768632888794
6703400-020,6703400-036,0.6118164658546448
6700500-013,6700600-004,2.823167324066162
6700100-016,6700100-003,1.860204815864563
6703500-040,6703500-049,1.144775629043579
6703700-015,6703700-021,0.5230646133422852
6702900-009,6702900-011,0.9878898859024048
6700100-012,6700100-005,0.7160322666168213
6701600-016,6701600-012,3.256012439727783
6703700-021,6703400-029,0.5953128337860107
6703400-028,6703400-018,0.8986422419548035
6700100-011,6700100-009,1.484312891960144
6702800-007,6702800-021,1.6542047262191772
6701900-002,6702000-007,3.0249414443969727
6703200-029,6703300-022,1.1032949686050415
6700300-020,6700300-011,5.7619452476501465
6701900-005,6702100-001,1.9201585054397583
6701400-003,6701400-006,2.200857639312744
6702600-009,6702500-005,5.088845729827881
6700100-004,6700100-006,0.4794457256793976
6703300-019,6703300-016,2.0711147785186768
6700100-023,6700100-019,1.7879587411880493
6701700-009,6701700-008,2.3679890632629395
6700900-002,6701000-004,2.804070472717285
6701900-020,6701900-018,2.2337472438812256
6703200-039,6703200-004,0.5210355520248413
6701700-005,6701700-010,3.093690872192383
6703400-035,6703400-034,0.4074397683143616
6700300-024,6700300-022,1.9125384092330933
6703400-038,6703400-039,0.6611852645874023
6700700-013,6700700-004,1.460569977760315
6701600-016,6701700-007,2.867050886154175
6703300-026,6703300-032,0.9382908344268799
6703700-005,6703400-034,0.3252756893634796
6701600-015,6701700-011,2.5898101329803467
6700300-020,6700300-024,2.1804847717285156
6701000-010,6700700-015,1.4102470874786377
6702600-006,6702600-004,2.983938455581665
6703100-005,6703100-036,1.0332293510437012
6700800-007,6701300-009,2.7640233039855957
6701600-008,6701700-008,2.9423987865448
6700700-008,6700700-010,2.4995741844177246
6700900-005,6700900-004,0.5368225574493408
6700900-008,6700900-009,2.1275582313537598
6702600-002,6702600-006,4.275840759277344
6703400-026,6703400-042,0.9339115619659424
6703500-002,6703500-012,1.5288395881652832
6703600-011,6703600-012,0.7061685919761658
6700700-001,6700700-007,0.9543014168739319
6703300-037,6703300-019,1.0011731386184692
6701000-008,6701000-007,1.7781654596328735
6703200-031,6703200-018,0.5049698352813721
6700100-020,6700400-006,1.756062388420105
6703600-003,6703600-013,0.5205379724502563
6702900-008,6702900-014,5.7656989097595215
6700300-010,6700600-015,4.4390692710876465
6702100-013,6701400-002,2.5128843784332275
6700700-015,6701000-007,3.0779764652252197
6701400-006,6701400-007,1.459326148033142
6701200-017,6701500-011,3.0426125526428223
6703100-037,6703100-001,1.269117832183838
6701100-002,6701100-010,2.9693498611450195
6701700-008,6701700-011,3.4240262508392334
6703400-016,6703400-010,0.22492006421089172
6700200-011,6700200-010,2.017962694168091
6700400-006,6700400-004,2.7851850986480713
6703700-030,6703700-008,0.40559133887290955
6700700-019,6700700-010,2.489898204803467
6701800-007,6701800-008,0.17379939556121826
6703300-029,6703300-033,1.4333819150924683
6700200-004,6700200-007,0.5478800535202026
6700200-023,6700200-020,3.261197805404663
6700900-007,6700400-012,3.219876527786255
6700100-017,6700100-028,1.725512981414795
6700900-012,6701100-008,5.536015510559082
6700200-007,6700200-012,1.4336445331573486
6703100-002,6703100-020,1.1378535032272339
6703500-037,6703100-010,2.286151170730591
6702900-001,6702800-008,1.1476950645446777
6702000-003,6701800-011,3.056440591812134
6703300-025,6703300-035,0.7096176147460938
6701900-010,6700700-026,2.094566583633423
6701900-001,6701900-007,0.462026447057724
6700700-024,6701900-010,2.0504887104034424
6703500-014,6701400-010,2.9020557403564453
6703300-034,6703300-003,0.5984097123146057
6703500-005,6703500-013,2.0775387287139893
6703500-024,6703500-026,2.4757115840911865
6700800-013,6700800-005,2.2587623596191406
6703200-002,6703200-030,0.37415826320648193
6702800-017,6702800-014,1.8518781661987305
6703400-016,6703400-023,0.6605771780014038
6701100-008,6702300-003,4.608225345611572
6703100-032,6703100-020,0.730879008769989
6702000-007,6701900-002,3.0249414443969727
6703200-014,6703200-040,0.962952733039856
6703500-014,6702100-013,1.1398435831069946
6702800-010,6702800-011,3.0625789165496826
6703700-013,6703700-017,0.3815041780471802
6703700-032,6703700-030,0.38618004322052
6701200-002,6701200-004,1.5701234340667725
6703700-025,6703700-027,0.7272547483444214
6700800-001,6700800-008,2.2196855545043945
6702800-002,6702800-012,2.5089640617370605
6700800-004,6700800-013,2.844507932662964
6703200-041,6703200-035,0.2960145175457001
6702600-005,6702300-009,2.9309792518615723
6703100-011,6703500-037,1.139136552810669
6700200-001,6700500-010,3.1016359329223633
6701600-007,6701600-005,2.222243547439575
6703400-025,6703500-042,0.9043514728546143
6701300-013,6701600-008,2.002413272857666
6701800-020,6701800-017,3.0508480072021484
6702500-007,6702300-006,2.346712589263916
6703400-022,6703400-016,0.2097667157649994
6703400-041,6703400-029,0.7383885383605957
6701300-004,6701300-007,3.0137879848480225
6702800-016,6703100-023,1.5033477544784546
6703500-016,6703500-040,1.8962454795837402
6703300-010,6703300-009,0.4715859591960907
6701900-012,6701900-007,2.5946109294891357
6703700-013,6703700-030,0.34181439876556396
6703400-015,6703400-013,0.33321306109428406
6700300-004,6700300-001,1.9990750551223755
6701400-009,6701200-018,1.9232019186019897
6703500-009,6703500-037,1.2013123035430908
6701900-014,6701900-016,1.362562656402588
6700200-022,6700200-023,1.6952810287475586
6701300-002,6701600-007,1.7513737678527832
6700400-008,6700100-009,3.1703903675079346
6703500-046,6703500-040,0.9436621069908142
6703600-014,6703600-002,1.522074818611145
6703700-010,6703300-001,0.7426340579986572
6701600-001,6701200-013,1.3396869897842407
6703400-041,6703400-042,1.0338505506515503
6703500-039,6703500-037,1.2846705913543701
6702900-011,6702900-004,1.0463494062423706
6700800-011,6700800-012,1.6104387044906616
6701500-016,6701400-010,1.1313984394073486
6702500-002,6702500-008,5.672614574432373
6700100-013,6700100-002,0.6007421612739563
6701900-004,6701900-021,2.0868749618530273
6703400-002,6703100-035,0.7400978803634644
6700900-011,6700900-012,5.068545341491699
6703300-005,6703300-028,0.7634836435317993
6702900-006,6702900-010,2.94008731842041
6700500-004,6700300-017,3.2885496616363525
6703400-010,6703400-032,0.7079719305038452
6703200-006,6703200-003,0.9066222310066223
6702400-001,6702500-009,11.487777709960938
6701400-004,6701400-003,1.9127084016799927
6701600-013,6701600-011,1.946536660194397
6703200-040,6703200-001,0.46158847212791443
6703300-016,6703300-015,1.0284581184387207
6703300-035,6703300-028,0.407206654548645
6700100-020,6700100-018,2.0051920413970947
6700300-010,6700300-007,4.435156345367432
6703300-028,6703300-025,0.43633419275283813
6701800-005,6701800-004,1.6443630456924438
6701700-002,6701700-009,5.475246906280518
6701800-008,6701800-009,1.3918269872665405
6702100-016,6702100-008,1.1312955617904663
6701800-001,6701800-006,0.6730926036834717
6700800-013,6700400-005,2.353715658187866
6700400-009,6700400-007,3.7473227977752686
6703200-040,6703200-014,0.962952733039856
6702100-008,6702100-009,1.1056827306747437
6700300-017,6700300-023,3.1156938076019287
6701600-003,6701500-002,1.3608782291412354
6702100-011,6702100-014,2.4749574661254883
6702800-013,6702800-001,1.682237982749939
6700700-021,6700700-017,2.087678909301758
6702700-005,6702700-003,1.0949300527572632
6703600-005,6703600-006,0.5772750377655029
6703600-008,6703600-011,0.7140102982521057
6700700-017,6700700-019,1.0492615699768066
6703500-017,6703600-014,1.3747646808624268
6703300-011,6703300-034,0.8335281014442444
6703600-001,6703600-008,1.4645400047302246
6700700-010,6700700-016,2.347808361053467
6701500-017,6701500-010,3.481271982192993
6702800-001,6702800-004,0.5773719549179077
6703700-004,6703700-010,0.43065398931503296
6702200-001,6701100-004,2.5564095973968506
6703200-035,6702700-014,2.082909107208252
6701500-018,6703500-026,2.8544557094573975
6703400-013,6703100-011,0.8570409417152405
6700200-013,6700200-003,2.7285220623016357
6700100-026,6700100-024,1.8672902584075928
6701500-003,6701500-004,1.9084068536758423
6703300-004,6703700-004,0.4046466052532196
6703200-035,6703200-033,0.8124608993530273
6700900-009,6700400-005,2.434309720993042
6701800-011,6701800-010,0.8887407779693604
6703100-007,6703100-018,2.262042760848999
6701600-010,6701600-008,2.469062328338623
6703100-011,6703400-014,0.5280262231826782
6700200-001,6700200-006,1.8548861742019653
6700200-020,6700200-019,1.3101803064346313
6702800-019,6702800-007,0.8922469019889832
6702300-003,6702300-002,3.0219969749450684
6703500-018,6703500-020,0.95225989818573
6700500-013,6700500-014,1.1725448369979858
6700600-011,6700600-006,4.513309478759766
6703500-021,6703500-025,2.440305709838867
6700500-016,6700500-019,3.7702033519744873
6703300-006,6703700-026,0.4267524778842926
6703200-037,6703400-008,0.86708003282547
6703500-014,6703500-022,1.5785597562789917
6703400-024,6703100-011,0.7810259461402893
6700600-007,6700600-008,3.742891311645508
6700800-003,6700800-001,0.9637547135353088
6702200-005,6702300-008,4.834367752075195
6702800-004,6702800-005,0.4347655475139618
6703200-011,6703200-039,0.7246875166893005
6702800-007,6702800-010,3.122231960296631
6703400-006,6703400-019,0.4063311815261841
6702900-005,6702900-002,1.1878515481948853
6701000-011,6701900-017,2.3094003200531006
6701300-013,6701300-003,2.6280152797698975
6701200-018,6701200-016,1.694994568824768
6700500-001,6700500-017,2.8348989486694336
6700900-002,6700900-005,2.1206705570220947
6703100-036,6703100-035,1.2147552967071533
6700500-011,6700100-008,2.8528194427490234
6701500-002,6701600-011,2.2204339504241943
6703500-040,6703500-051,0.8644389510154724
6702300-005,6702500-007,4.2147722244262695
6701300-001,6701300-006,2.0430328845977783
6703400-043,6703700-034,1.0155242681503296
6702800-004,6702800-018,1.3529994487762451
6700200-010,6700500-019,3.3912384510040283
6700600-001,6700300-005,2.172651767730713
6701600-016,6701600-014,2.700557231903076
6703300-007,6703300-008,0.35312506556510925
6703400-028,6703400-020,0.6048563122749329
6703200-029,6703300-024,0.7687495946884155
6700300-020,6700300-013,2.3753137588500977
6701600-009,6701600-011,2.1838462352752686
6703200-004,6703200-012,0.9554927945137024
6703300-019,6703300-018,0.761797308921814
6703400-024,6703400-022,0.97283536195755
6702100-002,6701400-004,2.106675863265991
6703400-001,6703400-038,0.2862209379673004
6703500-002,6703500-001,1.7580790519714355
6701700-005,6701700-012,1.7722346782684326
6701800-019,6702600-001,1.9207730293273926
6703400-035,6703400-036,0.3402918875217438
6700400-003,6700400-005,2.361178398132324
6700600-010,6700600-009,1.6161725521087646
6700700-013,6700700-006,1.8636679649353027
6702500-003,6702500-005,4.543755531311035
6701000-001,6700900-005,3.2237393856048584
6702700-006,6702700-004,2.1881160736083984
6702900-008,6702900-003,1.5977883338928223
6703300-026,6703300-034,0.9680933356285095
6703700-005,6703400-036,0.4293043911457062
6703200-024,6703200-004,0.760967493057251
6703400-031,6703400-038,0.5498978495597839
6703100-021,6703200-007,1.1755316257476807
6700900-005,6700900-006,1.3257150650024414
6703400-007,6703400-031,0.43032875657081604
6703600-011,6703600-014,1.186946988105774
6700700-001,6700700-009,0.8450452089309692
6702700-010,6702700-015,2.211479902267456
6701000-008,6701000-009,3.2658252716064453
6703300-014,6703300-037,2.5162949562072754
6703200-026,6702700-007,2.1468119621276855
6703100-010,6703100-008,1.872540831565857
6703600-003,6703600-015,1.0307451486587524
6700200-007,6700200-001,1.6419302225112915
6701100-006,6701100-010,1.4485797882080078
6703000-008,6702600-009,4.92269229888916
6701400-006,6701400-009,3.0713274478912354
6701200-017,6701500-013,2.0355823040008545
6701500-012,6701500-014,2.1412088871002197
6703100-037,6703100-003,1.5093309879302979
6701800-002,6701800-003,1.4132919311523438
6703700-037,6703700-013,0.4523688852787018
6701700-008,6701700-013,3.9787821769714355
6701800-014,6701800-013,0.9769350290298462
6700100-021,6700100-028,1.4828680753707886
6703400-016,6703400-012,0.4739364683628082
6700200-011,6700200-012,1.5301934480667114
6703400-027,6703100-001,0.8764631152153015
6702300-004,6702300-003,2.175980567932129
6700100-017,6700200-001,1.4740803241729736
6703400-012,6703400-014,0.5139235258102417
6703500-010,6703500-009,1.1277002096176147
6702200-001,6702200-002,1.912558674812317
6701200-021,6701200-006,2.5380256175994873
6702200-004,6702200-007,1.284117341041565
6702800-021,6702800-014,1.498427152633667
6701800-002,6701800-016,2.7271218299865723
6700800-004,6700800-002,2.239307403564453
6703100-039,6703100-025,0.7383520603179932
6702200-005,6701100-006,3.2685742378234863
6703500-024,6703500-028,2.7465827465057373
6703700-018,6703700-013,0.5233325362205505
6700100-008,6700500-011,2.8528194427490234
6703300-017,6703300-038,1.1391348838806152
6702800-017,6702800-016,1.1595734357833862
6703100-032,6703100-022,0.7766409516334534
6703400-041,6703400-018,0.6665727496147156
6702800-016,6703100-012,1.7799910306930542
6702000-007,6701900-004,2.446291208267212
6703200-014,6703200-042,0.8665845394134521
6702300-004,6702400-006,4.153957843780518
6702700-009,6702700-018,3.2750115394592285
6703500-019,6703500-034,2.56000018119812
6701100-001,6701900-020,3.184762716293335
6703300-013,6703300-003,0.9335361123085022
6701200-002,6701200-006,1.5415723323822021
6701200-021,6701200-019,1.4293421506881714
6700800-001,6700800-010,2.0788280963897705
6701600-014,6701600-010,1.6286725997924805
6700800-004,6700800-015,0.8650947213172913
6702800-005,6702800-019,0.28254956007003784
6701900-007,6701900-002,1.4508823156356812
6703100-020,6703100-025,0.8007012605667114
6703100-011,6703500-039,1.038249135017395
6703200-044,6703200-042,0.8904742002487183
6701500-011,6701500-017,2.173278331756592
6700700-007,6700700-028,2.1422107219696045
6700100-002,6700100-004,0.7468335032463074
6701800-020,6701800-019,2.262273073196411
6703700-020,6703700-035,0.33735355734825134
6700200-017,6700200-018,2.683943033218384
6701300-004,6701300-009,2.952028751373291
6703500-016,6703500-042,1.952787160873413
6700600-016,6700600-004,3.18881893157959
6702500-009,6702400-007,10.52511978149414
6703300-010,6703300-011,0.26525866985321045
6701300-006,6701600-007,2.75185227394104
6703500-019,6703500-047,2.606868267059326
6700400-008,6700600-007,2.6963882446289062
6700300-004,6700300-003,0.8365151882171631
6701900-011,6701900-013,2.146347761154175
6700200-020,6701300-009,2.2159035205841064
6701200-002,6701200-019,1.689744472503662
6703400-033,6703400-032,0.6624922752380371
6703500-011,6703500-048,1.7072495222091675
6700800-007,6700800-003,1.9278136491775513
6700900-011,6700900-001,4.32499361038208
6701900-007,6701900-015,2.54584002494812
6702400-002,6702400-001,5.284553050994873
6703400-010,6703400-021,0.5605209469795227
6700600-001,6700600-002,1.98784339427948
6702600-004,6702600-002,1.5494976043701172
6700600-004,6700600-007,2.571686267852783
6703500-007,6703500-050,1.1806557178497314
6700300-011,6700300-019,3.8427586555480957
6703200-018,6703200-002,0.48729097843170166
6701300-010,6701300-002,2.802896499633789
6701700-007,6701600-010,3.054311752319336
6702900-011,6702900-006,1.7851518392562866
6701800-017,6702600-010,4.747832298278809
6703200-029,6703200-016,0.3979152739048004
6700100-013,6700100-004,0.8527212142944336
6702100-012,6703500-004,1.9713319540023804
6701400-004,6701400-005,1.3514094352722168
6700700-029,6700700-005,1.2907060384750366
6703700-023,6703700-036,0.5486671924591064
6700900-003,6701000-003,1.804939866065979
6703400-003,6703400-031,0.2964439392089844
6701500-004,6701500-003,1.9084068536758423
6703500-022,6703500-048,2.377774953842163
6703200-001,6703200-011,0.6650884747505188
6703300-016,6703300-017,1.1819751262664795
6700100-001,6700100-007,0.9335311055183411
6703100-031,6703100-001,0.41545379161834717
6700300-010,6700300-009,3.673175573348999
6701300-003,6701300-012,3.964005708694458
6702800-015,6702900-016,2.1453773975372314
6701600-018,6701500-006,1.1473336219787598
6700700-014,6700700-003,1.1095244884490967
6700700-017,6700700-008,2.4210565090179443
6701800-005,6701800-006,0.2452462762594223
6701800-008,6701800-011,2.0580453872680664
6703300-030,6703300-036,1.5376226902008057
6702100-015,6702100-014,1.7398055791854858
6703200-038,6703700-006,0.7254340052604675
6703300-023,6703300-033,1.6948072910308838
6701700-008,6701300-013,1.3537861108779907
6700300-014,6700300-020,2.8604066371917725
6703500-001,6703500-002,1.7580790519714355
6700900-001,6700400-012,3.2371468544006348
6702100-008,6702100-011,2.01826810836792
6700700-003,6700700-002,0.6005933880805969
6702800-013,6702800-003,1.0154879093170166
6703600-012,6703600-011,0.7061685919761658
6703200-001,6703200-024,0.5900951027870178
6700700-021,6700700-019,1.0739822387695312
6703100-026,6703400-005,0.5366678237915039
6701000-009,6701000-006,1.393593430519104
6700100-022,6700400-001,2.5927646160125732
6703700-009,6703700-006,0.40965861082077026
6703600-008,6703600-013,1.097935676574707
6700700-017,6700700-021,2.087678909301758
6700200-009,6700100-023,2.0327138900756836
6703300-011,6703300-036,1.9662625789642334
6702300-001,6701100-009,4.554543972015381
6703400-037,6703700-017,0.3975730240345001
6703200-038,6703700-019,0.7243379354476929
6701500-017,6701500-012,3.3629393577575684
6702800-001,6702800-006,1.454415202140808
6703700-004,6703700-012,0.4510613977909088
6703500-004,6702100-012,1.9713319540023804
6703500-042,6703500-016,1.952787160873413
6701500-010,6701500-009,1.6373772621154785
6700300-016,6700500-005,1.5598158836364746
6700200-013,6700200-005,2.232788562774658
6703100-014,6703100-023,1.9736734628677368
6700200-006,6700200-002,0.4886455833911896
6701500-021,6701500-023,6.579646110534668
6700200-009,6700200-007,2.2003655433654785
6703300-020,6702700-016,3.0371828079223633
6701800-011,6701800-012,1.905365228652954
6701900-010,6701900-005,2.338941812515259
6702400-005,6702300-001,4.296278953552246
6703400-013,6703400-011,0.38774895668029785
6703400-006,6703400-008,0.6740474700927734
6700200-020,6700200-021,2.7448434829711914
6701900-002,6701900-006,2.238312005996704
6700500-020,6700500-019,2.397561550140381
6702800-019,6702800-009,0.593036413192749
6701200-014,6701600-002,2.458343744277954
6702300-003,6702300-004,2.175980567932129
6703500-018,6703500-022,2.061957597732544
6700500-016,6700500-021,2.9828433990478516
6703200-015,6703200-039,0.6327590942382812
6700800-010,6700800-006,1.2863318920135498
6701000-002,6700900-004,2.2818636894226074
6701200-020,6701200-007,2.383967399597168
6702800-011,6702800-010,3.0625789165496826
6702800-014,6702800-015,1.8653059005737305
6703500-030,6703500-032,2.617588520050049
6703300-024,6703300-001,0.44607487320899963
6700500-009,6700500-018,2.992931604385376
6702800-004,6702800-007,1.408708095550537
6703300-026,6703300-010,0.9466940760612488
6701600-007,6701300-002,1.7513737678527832
6702900-005,6702900-004,0.7394219636917114
6703700-029,6703700-031,0.4216104745864868
6701200-015,6701200-013,1.6332123279571533
6703400-036,6703700-020,0.565852165222168
6703500-044,6703500-051,0.7602325677871704
6703700-022,6703700-028,0.39225947856903076
6700900-002,6700900-007,2.7303080558776855
6703400-001,6703400-027,0.589874267578125
6700100-016,6700100-007,1.955314040184021
6700500-011,6700100-010,2.2913856506347656
6701300-008,6701300-011,1.8245527744293213
6702300-005,6702500-009,12.074989318847656
6701600-004,6701600-006,1.305112361907959
6701700-005,6701700-001,2.4233286380767822
6700300-024,6700300-013,2.763129949569702
6701200-003,6701200-016,2.578092098236084
6701300-001,6701300-008,2.7835373878479004
6700100-011,6700100-013,0.5118789672851562
6700800-005,6700900-010,2.726404905319214
6700300-001,6700300-002,0.7481757402420044
6703500-006,6703500-038,1.0483644008636475
6702400-006,6702400-003,8.066936492919922
6703300-019,6703300-020,1.0958462953567505
6702700-004,6703200-003,1.3935847282409668
6700700-008,6700700-001,0.5462238788604736
6701700-009,6701700-012,3.287278890609741
6702100-007,6702100-003,2.5339808464050293
6703400-042,6703400-041,1.0338505506515503
6701200-010,6701300-011,1.6230360269546509
6703600-011,6703600-003,1.3674565553665161
6701000-008,6700900-010,2.3574161529541016
6701800-019,6702600-003,4.849201202392578
6703600-013,6703700-034,1.1375190019607544
6703200-031,6703200-009,0.6410869359970093
6703100-009,6703100-038,3.0243606567382812
6700400-003,6700400-007,2.383425712585449
6700600-010,6700600-011,2.151043176651001
6702500-003,6702500-007,5.219056129455566
6702700-003,6702700-001,1.5116807222366333
6701300-003,6701700-001,4.588037014007568
6703600-006,6703600-009,0.9636381268501282
6700900-012,6700900-011,5.068545341491699
6700500-005,6700300-016,1.5598158836364746
6703500-048,6703500-011,1.7072495222091675
6703300-023,6703200-012,1.8484832048416138
6702600-006,6702600-008,2.4846980571746826
6702400-006,6702500-009,8.782547950744629
6703700-003,6703700-004,0.4929451644420624
6700900-005,6700900-008,3.1522061824798584
6700100-029,6700100-016,1.3229774236679077
6701100-002,6701100-001,1.3945796489715576
6703000-006,6703000-008,3.558279275894165
6703200-033,6702700-012,2.265153169631958
6702100-009,6703500-003,2.157815456390381
6700700-001,6700700-011,0.4562283158302307
6702700-010,6702700-017,3.1533477306365967
6703100-005,6703400-038,0.9527658820152283
6703300-014,6703300-039,2.0289466381073
6700200-011,6700200-001,1.5896955728530884
6701500-001,6701500-002,1.3560349941253662
6703300-032,6703300-029,0.9780284762382507
6703400-012,6703400-003,0.5247390270233154
6700200-007,6700200-003,0.38207393884658813
6703300-022,6703200-029,1.1032949686050415
6700100-010,6700100-016,2.086613655090332
6701800-002,6701800-005,1.781490445137024
6700400-013,6700400-011,4.4867095947265625
6703700-018,6703700-002,0.4225561022758484
6700700-007,6700700-004,1.321239948272705
6700100-021,6700200-001,1.9181662797927856
6702300-004,6702300-005,2.6879043579101562
6700100-014,6700100-027,0.9229665398597717
6702700-009,6702700-007,1.3195911645889282
6700200-004,6700200-011,0.9555759429931641
6702800-010,6702800-002,3.093407154083252
6703700-013,6703700-008,0.3240586519241333
6700800-008,6700800-002,1.2493053674697876
6702200-001,6702200-004,3.0817224979400635
6700100-010,6700100-029,1.463309407234192
6703400-027,6703400-001,0.589874267578125
6701100-005,6701100-002,1.414920449256897
6701200-014,6701200-005,1.7991642951965332
6703100-020,6703100-014,1.53696870803833
6703200-041,6703200-026,0.6531742811203003
6703600-009,6703300-035,0.6471301317214966
6700700-023,6700700-025,0.8459867238998413
6703200-002,6703200-034,0.5734699964523315
6703100-032,6703100-024,0.9450101256370544
6701200-020,6700700-020,2.487421989440918
6703400-041,6703400-020,0.5678694248199463
6701200-009,6701200-011,2.2810025215148926
6700600-016,6700500-014,2.0471062660217285
6703500-019,6703500-036,2.8223016262054443
6703700-013,6703700-021,0.3058856129646301
6700200-010,6700200-004,2.8749160766601562
6702800-009,6702800-019,0.593036413192749
6700200-022,6700200-014,2.5438520908355713
6701600-014,6701600-012,2.693108558654785
6702800-005,6702800-021,0.8606428503990173
6701900-007,6701900-004,1.943408489227295
6701600-007,6701600-009,1.9551836252212524
6702600-002,6701800-019,3.8626210689544678
6700100-002,6700100-006,0.5361608266830444
6703700-029,6703300-005,0.5772544741630554
6703500-007,6703500-039,0.6387383341789246
6703400-003,6703400-007,0.46249550580978394
6701200-006,6701200-019,1.2326040267944336
6700300-011,6700300-008,3.5335869789123535
6703300-010,6703300-013,0.4582829773426056
6703700-035,6703700-022,0.5248642563819885
6701000-003,6700900-001,2.301819324493408
6703400-033,6703400-034,0.4400063455104828
6700600-008,6700600-007,3.742891311645508
6701600-014,6701700-007,1.7265410423278809
6700900-011,6700900-003,3.993011713027954
6703400-029,6703400-036,0.5146245360374451
6700600-001,6700600-004,1.9044424295425415
6700700-004,6700700-001,0.7413597702980042
6702400-001,6702400-007,1.072290301322937
6703100-017,6702800-016,2.087318181991577
6702800-020,6702800-019,1.5409619808197021
6703000-002,6702900-011,4.695046424865723
6700900-003,6700900-004,0.5402832627296448
6703300-001,6703300-021,0.7070780992507935
6703100-038,6703100-030,1.5890822410583496
6701300-010,6701300-004,2.8236868381500244
6700800-007,6700200-025,2.1758902072906494
6702300-007,6702500-002,5.428139686584473
6703500-041,6703500-050,0.6927184462547302
6701000-003,6701000-002,1.742101788520813
6701000-006,6701000-007,1.1780380010604858
6701400-009,6701400-001,2.0644009113311768
6703500-034,6703500-047,2.8645899295806885
6700100-013,6700100-006,0.37408682703971863
6703700-031,6703700-037,0.7723264098167419
6702800-008,6702900-001,1.1476950645446777
6700600-005,6700300-009,1.7358533143997192
6700300-008,6700600-015,6.698232173919678
6700900-010,6701000-008,2.3574161529541016
6700400-002,6700900-009,2.2226314544677734
6700100-011,6700400-003,3.212308406829834
6701700-011,6701700-005,3.2596585750579834
6700700-029,6700700-007,1.7950884103775024
6701600-013,6701600-015,3.056668996810913
6703300-023,6703300-022,1.5439517498016357
6700300-017,6700300-014,4.221334457397461
6703200-001,6703200-013,0.6494418382644653
6703300-016,6703300-019,2.0711147785186768
6700100-020,6700100-022,1.627840280532837
6700300-010,6700300-011,4.5334086418151855
6702100-004,6702100-002,1.6511307954788208
6703200-010,6703200-018,0.44079506397247314
6700700-014,6700700-005,1.9807320833206177
6703600-008,6703600-002,1.8205996751785278
6700700-017,6700700-010,1.586626410484314
6701800-005,6701800-008,0.29401126503944397
6701100-008,6701000-005,3.898447036743164
6701700-002,6701700-013,4.242228984832764
6701800-008,6701800-013,1.4677156209945679
6702000-008,6702000-010,2.622262954711914
6703700-011,6703200-005,0.5905882120132446
6700100-015,6700100-028,0.883946418762207
6703500-008,6703500-007,1.1734232902526855
6700500-003,6700500-001,1.2603412866592407
6702100-015,6702100-016,0.8553544282913208
6701200-019,6701400-007,2.3365955352783203
6703200-005,6703200-024,0.6405478715896606
6703000-008,6703000-001,2.8917813301086426
6703500-001,6703500-004,1.5386556386947632
6701200-012,6701200-001,2.358330488204956
6700700-003,6700700-004,0.48374059796333313
6700400-006,6700100-020,1.756062388420105
6702700-012,6702700-010,2.1896092891693115
6703600-012,6703600-013,1.3504414558410645
6700700-002,6700700-008,0.9356837272644043
6703300-038,6703300-020,1.0343133211135864
6701200-014,6701500-001,1.1889961957931519
6700700-005,6700700-013,1.41085684299469
6700700-024,6700700-026,1.2160753011703491
6701000-009,6701000-008,3.2658252716064453
6703300-015,6703300-036,1.6562579870224
6703500-038,6703500-007,0.8959603309631348
6702100-004,6702100-015,1.7579786777496338
6701500-022,6701500-008,2.389712333679199
6703100-014,6703100-012,1.1193286180496216
6703600-008,6703600-015,0.9529860615730286
6703100-023,6703100-017,1.0887556076049805
6702900-012,6703000-004,3.1536011695861816
6703100-007,6703100-009,1.7617371082305908
6703100-026,6703100-022,0.898063063621521
6701500-014,6701500-009,2.7936861515045166
6701800-014,6703100-017,2.1535756587982178
6703700-007,6703700-019,0.5254808068275452
6701200-012,6701200-014,1.5651801824569702
6701500-007,6701500-006,2.8327462673187256
6703100-018,6703100-023,1.1363075971603394
6701500-010,6701500-011,1.4256622791290283
6700200-013,6700200-007,2.792773723602295
6702800-016,6701800-014,1.6808487176895142
6700200-008,6700200-013,2.7996561527252197
6703100-029,6703100-010,1.0457912683486938
6700300-002,6700300-001,0.7481757402420044
6700500-006,6700500-002,1.195220708847046
6703500-014,6703500-013,1.0951963663101196
6703500-033,6703500-026,1.7310056686401367
6700700-018,6701200-007,2.1768460273742676
6702400-007,6702400-002,4.355608940124512
6703200-011,6703200-030,0.568877100944519
6700200-001,6700200-010,2.004693031311035
6700200-020,6700200-023,3.261197805404663
6701900-002,6701900-008,2.2109296321868896
6700500-002,6700500-004,2.4373645782470703
6703500-025,6703500-027,2.4020423889160156
6700500-020,6700500-021,1.6028392314910889
6703500-028,6703500-032,3.367105484008789
6703400-020,6703400-029,0.41833725571632385
6700600-011,6700600-010,2.151043176651001
6701500-002,6701600-002,2.3718442916870117
6703500-040,6703500-042,0.5589785575866699
6700800-010,6700800-008,2.885662317276001
6702300-005,6702400-005,4.52131462097168
6702800-011,6702800-012,2.4482479095458984
6702900-009,6702900-004,1.51643705368042
6702800-014,6702800-017,1.8518781661987305
6700300-002,6700300-014,2.11379337310791
6703400-043,6703700-025,0.8230094909667969
6700500-009,6700500-020,1.6616517305374146
6701500-020,6701500-015,2.210542678833008
6700200-010,6700500-010,2.30552339553833
6702800-004,6702800-009,1.2476087808609009
6702900-002,6702900-001,0.918240487575531
6703300-026,6703300-012,0.4134339392185211
6700100-011,6700100-002,1.034685730934143
6702900-005,6702900-006,2.6960883140563965
6700800-005,6700800-014,2.1132071018218994
6701900-002,6701900-021,1.6291072368621826
6700300-020,6700300-004,1.3386539220809937
6703100-021,6703100-024,1.1809234619140625
6701900-005,6702000-005,2.628169059753418
6703400-008,6703400-032,0.4472495913505554
6700500-001,6700500-021,2.5165765285491943
6703400-040,6703400-021,0.9055687785148621
6701700-009,6701700-001,3.249253749847412
6703400-038,6703100-034,0.5426969528198242
6703400-043,6703400-026,0.4929399788379669
6702100-012,6703500-048,1.204652190208435
6703400-028,6703700-023,0.3542630970478058
6701600-001,6701600-003,2.01176118850708
6701700-005,6701700-003,3.1528375148773193
6703300-014,6703300-015,1.434701919555664
6700300-005,6700300-002,1.1751582622528076
6700300-024,6700300-015,3.0504705905914307
6700300-008,6700300-007,1.9493157863616943
6701600-016,6701600-018,2.3514060974121094
6701800-017,6703000-002,2.3073906898498535
6700300-001,6700300-004,1.9990750551223755
6702600-006,6702500-006,3.4290430545806885
6702400-006,6702400-005,3.753324508666992
6703200-004,6703200-016,0.8996087908744812
6700100-004,6700100-012,0.5567345023155212
6703700-017,6703400-037,0.3975730240345001
6703500-050,6703500-046,0.5897449851036072
6703400-028,6703700-036,0.6078212261199951
6703500-002,6703500-005,1.991860270500183
6700300-015,6700300-023,1.6480343341827393
6702600-001,6702600-003,3.547563076019287
6700600-010,6700600-013,7.247650623321533
6702500-006,6702600-005,4.3758416175842285
6703300-007,6703300-025,0.2650616466999054
6702700-006,6702700-008,2.159670114517212
6701300-003,6701700-003,3.4566781520843506
6702900-008,6702900-007,1.120792269706726
6703600-006,6703600-011,1.2667535543441772
6700200-007,6700100-021,1.8746519088745117
6701100-006,6701100-001,3.1063232421875
6703500-048,6703500-013,1.0945466756820679
6700700-008,6700700-016,0.9869892597198486
6701000-012,6701000-011,2.389904260635376
6702100-010,6702000-004,2.693544626235962
6701100-002,6701100-003,2.0249969959259033
6703200-033,6702700-014,1.2777080535888672
6703200-019,6703200-014,0.37924644351005554
6701100-001,6701100-007,3.4798667430877686
6701500-005,6701500-002,2.4080581665039062
6702100-009,6703500-005,2.844738245010376
6700100-022,6700100-015,2.568449020385742
6701500-008,6701500-007,2.83428692817688
6703300-036,6703300-029,1.4917131662368774
6700200-011,6700200-003,1.0297032594680786
6703300-002,6703700-004,0.8237462043762207
6701800-007,6701800-001,0.6791494488716125
6703300-029,6703300-026,1.0891257524490356
6700100-017,6700100-021,2.2908458709716797
6700200-007,6700200-005,0.7135382890701294
6703200-044,6702700-001,1.8539676666259766
6701800-009,6701800-010,1.3107523918151855
6701600-012,6701500-002,1.1328768730163574
6703200-007,6703200-017,0.8183771967887878
6701900-019,6701000-012,2.5121264457702637
6703300-025,6703300-028,0.43633419275283813
6702800-021,6702800-005,0.8606428503990173
6701800-002,6701800-007,1.9696810245513916
6703400-004,6703400-006,0.7942443490028381
6702100-013,6702100-011,1.7544625997543335
6700200-002,6700200-011,1.2249634265899658
6700700-007,6700700-006,0.6330410838127136
6703200-021,6703200-036,0.24997147917747498
6702700-016,6702700-012,2.6865668296813965
6703700-007,6703200-038,0.5615991950035095
6702300-001,6702300-002,0.6191756129264832
6700700-019,6700700-016,2.448847770690918
6703300-029,6703300-039,0.7234923243522644
6700700-018,6700700-020,0.9125012755393982
6700600-009,6700400-013,2.79762864112854
6703700-006,6703700-007,0.335875004529953
6700500-007,6700500-016,2.1152303218841553
6702800-002,6702800-005,2.007634401321411
6702800-021,6702800-018,1.4706848859786987
6701800-002,6701800-020,3.373775005340576
6700800-004,6700800-006,1.8554152250289917
6701100-005,6701100-004,1.4005672931671143
6703400-004,6703400-019,0.3898320496082306
6703500-047,6703500-016,1.4400396347045898
6703100-020,6703100-016,1.2216190099716187
6702200-005,6701100-010,2.409027099609375
6703400-034,6703700-018,0.6203603744506836
6701500-022,6703500-032,4.933323860168457
6703500-032,6701500-021,3.343599796295166
6701200-020,6700700-022,1.5804709196090698
6703400-022,6703400-009,0.6351589560508728
6701200-006,6701200-008,2.4048616886138916
6702300-001,6702400-005,4.296278953552246
6701400-007,6701200-002,2.0207226276397705
6703200-027,6703100-024,0.8460338115692139
6702800-009,6702800-021,1.6329325437545776
6700100-007,6700100-002,0.668950080871582
6703600-002,6703500-036,3.055652141571045
6700100-024,6700800-014,1.1701576709747314
6703300-006,6703300-004,0.649407148361206
6703700-014,6703200-037,0.8505983352661133
6701900-004,6701900-001,2.2061691284179688
6701900-007,6701900-006,1.147630214691162
6700200-024,6700200-025,1.0196422338485718
6700100-002,6700100-008,1.0364742279052734
6703200-034,6703200-001,0.7961246967315674
6703400-003,6703400-009,0.2905159592628479
6701600-004,6701200-011,2.2042436599731445
6701200-006,6701200-021,2.5380256175994873
6701700-005,6701300-003,3.2578747272491455
6700300-011,6700300-010,4.5334086418151855
6701900-018,6701900-020,2.2337472438812256
6700500-018,6700500-016,1.3502585887908936
6702300-007,6702300-008,2.719265937805176
6703700-035,6703700-024,0.6155279874801636
6700800-011,6700800-005,2.8514885902404785
6701000-003,6700900-003,1.804939866065979
6703700-038,6703700-029,0.2473488301038742
6703400-014,6703400-023,0.47792112827301025
6703400-033,6703400-036,0.6301236748695374
6702500-002,6702500-001,1.875061273574829
6703500-034,6703500-036,3.694836378097534
6700600-008,6700600-009,1.5143964290618896
6703300-028,6703300-005,0.7634836435317993
6701600-008,6701300-001,1.7312089204788208
6702900-006,6702900-003,3.4481441974639893
6703300-021,6703300-002,0.9027572870254517
6702600-004,6702600-006,2.983938455581665
6703100-003,6703100-038,0.9459440112113953
6700300-001,6700600-001,1.9638530015945435
6703700-023,6703700-027,0.4703155755996704
6700900-003,6700900-006,1.3985278606414795
6701000-010,6701000-007,2.4651074409484863
6703700-026,6703700-032,0.4378771483898163
6703700-033,6703600-006,1.1315538883209229
6701300-010,6701300-006,3.117480754852295
6703600-013,6703500-036,3.6511549949645996
6702300-007,6702500-004,2.8808207511901855
6703400-024,6703500-038,0.7736266255378723
6701700-007,6701600-014,1.7265410423278809
6701000-003,6701000-004,1.6856027841567993
6701500-006,6701600-017,1.9278109073638916
6700300-012,6700600-015,3.585620880126953
6701000-006,6701000-009,1.393593430519104
6702900-013,6703000-003,4.772547721862793
6703100-030,6703100-033,0.8185929656028748
6703700-023,6703400-028,0.3542630970478058
6703100-033,6703100-038,1.2216016054153442
6701600-017,6701600-015,3.3167104721069336
6702800-008,6702900-003,2.060817003250122
6701800-008,6701800-002,2.067417621612549
6703300-035,6703600-009,0.6471301317214966
6701700-011,6701700-007,1.6469178199768066
6701600-013,6701600-017,3.1709141731262207
6703700-018,6703400-034,0.6203603744506836
6703700-009,6703300-024,0.5899531841278076
6700300-017,6700300-016,1.3153119087219238
6703100-035,6703400-001,0.39910006523132324
6700400-004,6700400-006,2.7851850986480713
6703600-008,6703600-004,1.9906948804855347
6700600-014,6700600-015,1.6986045837402344
6701800-005,6701800-010,1.466691493988037
6703300-027,6703300-035,0.45244014263153076
6703500-008,6703500-009,0.5290907621383667
6700700-010,6700700-009,1.8501380681991577
6701500-017,6701500-003,2.8825552463531494
6703700-004,6703700-003,0.4929451644420624
6700100-008,6700100-027,1.3099524974822998
6703000-008,6703000-003,4.792043209075928
6702100-008,6702100-015,1.9625637531280518
6700400-006,6700100-022,2.152691125869751
6703700-016,6703700-013,0.5797271132469177
6701200-014,6701500-003,1.7260372638702393
6701000-009,6701000-010,0.8137327432632446
6703300-015,6703300-038,2.2317299842834473
6703500-038,6703500-009,1.3687336444854736
6703200-035,6703200-026,0.9281557202339172
6702800-017,6703100-017,1.8740994930267334
6703100-004,6703100-006,2.028852701187134
6701400-008,6701200-003,2.4066426753997803
6701500-014,6701500-011,2.6023683547973633
6703200-021,6703700-019,0.5532560348510742
6701500-007,6701500-008,2.83428692817688
6700100-010,6700400-008,3.41534686088562
6701500-010,6701500-013,2.9496893882751465
6700200-016,6700200-014,2.117237091064453
6701800-018,6701800-019,1.96367347240448
6703300-004,6703700-010,0.6327064633369446
6703500-018,6703500-013,1.9640763998031616
6703500-021,6703500-018,2.126096487045288
6701900-010,6701900-009,1.6153268814086914
6703400-013,6703400-015,0.33321306109428406
6701100-005,6702200-002,3.066514492034912
6700300-002,6700300-003,1.8958029747009277
6700500-006,6700500-004,2.2632901668548584
6701900-009,6701900-013,2.1986796855926514
6703500-033,6703500-028,2.5926871299743652
6702400-007,6702400-004,2.626617670059204
6701400-010,6701500-016,1.1313984394073486
6702800-007,6702800-003,1.0500123500823975
6700700-026,6701900-009,2.5810611248016357
6700200-020,6700200-025,1.4044241905212402
6700500-002,6700500-006,1.195220708847046
6702300-010,6702400-001,4.467525959014893
6702700-001,6703100-015,0.932392954826355
6703500-025,6703500-029,2.8749871253967285
6702800-019,6702800-013,1.5733944177627563
6703500-028,6703500-034,1.539137840270996
6700100-026,6700200-014,2.4110870361328125
6703100-017,6703100-015,1.6725172996520996
6703500-037,6703500-039,1.2846705913543701
6703700-015,6703700-016,0.35865285992622375
6702900-009,6702900-006,2.7361159324645996
6700100-011,6700100-004,0.8976910710334778
6700300-020,6700300-006,2.6713106632232666
6701400-003,6701400-001,1.0901645421981812
6703200-045,6703200-043,0.5502036213874817
6701700-009,6701700-003,2.92360782623291
6703400-024,6703400-015,0.7439428567886353
6701600-011,6701600-013,1.946536660194397
6703700-021,6703700-036,0.2770000398159027
6702100-007,6702000-005,2.3292601108551025
6703400-001,6703400-031,0.5308066606521606
6703400-028,6703700-025,0.7555723190307617
6702000-011,6702000-002,1.7894089221954346
6703300-014,6703300-017,1.1207671165466309
6703700-026,6703300-006,0.4267524778842926
6703400-035,6703400-029,0.6017282009124756
6700300-008,6700300-009,2.7137389183044434
6702800-013,6702900-016,3.196927547454834
6700600-010,6700600-002,4.406742572784424
6702500-006,6702500-003,2.4419007301330566
6703100-036,6703400-039,1.204309105873108
6702700-005,6702800-020,1.8901430368423462
6700300-001,6700300-006,1.5262209177017212
6700300-020,6700300-019,4.3874192237854
6703100-021,6703100-039,1.0914009809494019
6703100-005,6703100-031,0.9043740630149841
6700300-019,6700300-023,4.8131585121154785
6702400-006,6702400-007,5.411910057067871
6700700-008,6700700-005,1.1617597341537476
6700100-029,6700100-007,0.9438397288322449
6703500-041,6703400-042,1.1368941068649292
6703200-019,6703200-003,1.2448567152023315
6703200-038,6703200-016,0.7347656488418579
6703500-043,6703500-045,1.0479985475540161
6703600-011,6703600-007,0.9673168659210205
6700700-001,6700700-002,0.39363524317741394
6703300-037,6703300-014,2.5162949562072754
6702700-010,6702700-008,2.1182451248168945
6703600-010,6703600-011,0.7296616435050964
6701000-008,6701000-002,2.6657252311706543
6701800-019,6702600-007,4.250392913818359
6701000-007,6701000-006,1.1780380010604858
6700400-011,6700900-007,1.987659215927124
6702700-003,6702700-005,1.0949300527572632
6703600-003,6703600-008,0.684929609298706
6703300-029,6703300-015,1.2420985698699951
6702900-008,6702900-009,0.7647150754928589
6701100-006,6701100-003,2.3227171897888184
6703200-026,6703200-019,1.0087662935256958
6700100-010,6700100-007,2.3003742694854736
6703100-026,6703200-027,0.7376611232757568
6702600-010,6703000-002,3.0954785346984863
6701500-005,6701500-004,2.961005449295044
6700700-028,6701400-005,2.3596434593200684
6701400-001,6701400-008,2.7776312828063965
6701500-008,6701500-009,2.6604175567626953
6703300-036,6703300-031,1.3275859355926514
6700200-011,6700200-005,1.1383997201919556
6703100-032,6703100-002,1.4814809560775757
6703300-039,6703300-036,1.5977604389190674
6700100-024,6700100-026,1.8672902584075928
6700100-010,6700600-016,2.323580265045166
6703200-033,6703200-035,0.8124608993530273
6700200-004,6700200-002,0.544037938117981
6702100-013,6701400-010,2.805816173553467
6703200-005,6703700-009,0.6867374777793884
6703300-032,6703300-033,0.9686214923858643
6703500-010,6703500-002,0.6152316331863403
6703300-018,6702700-016,1.9750055074691772
6701800-009,6701800-012,1.0330193042755127
6701900-016,6701000-009,3.1443769931793213
6702100-001,6702100-003,1.2344614267349243
6701900-019,6701100-001,1.9836196899414062
6700500-007,6700500-005,3.216343402862549
6700700-011,6700700-006,0.9434049725532532
6702800-021,6702800-007,1.6542047262191772
6701900-001,6701900-002,1.4864166975021362
6702100-010,6702100-008,2.0194478034973145
6703400-004,6703400-008,0.7335659265518188
6703500-024,6703500-021,1.327000379562378
6701500-005,6701500-017,2.102677822113037
6700700-007,6700700-008,0.6789700388908386
6701500-008,6701500-022,2.389712333679199
6702300-010,6701100-009,4.229434967041016
6702300-001,6702300-004,2.1291072368621826
6703200-014,6703200-035,0.9509658217430115
6702700-009,6702700-011,1.7434492111206055
6700700-018,6700700-022,1.8371260166168213
6700800-008,6700800-006,2.2043468952178955
6703500-013,6702100-012,1.5277814865112305
6703500-051,6703500-016,1.8525758981704712
6703300-022,6703300-001,0.9694504737854004
6703700-006,6703700-009,0.40965861082077026
6700500-007,6700500-018,3.313382387161255
6700800-001,6700800-003,0.9637547135353088
6703400-027,6703400-005,0.3954204320907593
6702800-002,6702800-007,2.228997230529785
6701100-005,6701100-006,1.4023799896240234
6703200-016,6703700-009,0.7402276992797852
6701200-016,6701200-018,1.694994568824768
6701500-011,6701500-010,1.4256622791290283
6703500-032,6701500-023,4.377932071685791
6703100-013,6703100-015,0.7480016350746155
6703400-022,6703400-011,0.6134980320930481
6703200-027,6703100-026,0.7376611232757568
6703300-013,6703300-009,0.9247986078262329
6701900-011,6701900-006,1.639644742012024
6702600-007,6701800-017,2.7123427391052246
6702500-002,6702300-007,5.428139686584473
6702800-002,6702800-020,1.6554388999938965
6701600-014,6701600-016,2.700557231903076
6701300-001,6701600-006,1.9649708271026611
6701700-009,6701300-003,1.7405866384506226
6701900-007,6701900-008,0.7996990084648132
6702400-002,6702300-004,7.215546607971191
6703100-036,6703500-038,1.2482410669326782
6703200-024,6703200-039,0.4002803862094879
6701600-001,6701200-008,1.8662391901016235
6703400-003,6703400-011,0.35886499285697937
6703400-022,6703400-024,0.97283536195755
6700300-011,6700300-012,3.8539445400238037
6700500-015,6700500-013,1.4913839101791382
6702700-001,6703200-044,1.8539676666259766
6701200-008,6701300-011,2.393062114715576
6700600-015,6700600-014,1.6986045837402344
6701000-003,6700900-005,1.1057102680206299
6703700-038,6703700-031,0.6263517141342163
6701800-017,6702600-003,4.926286697387695
6702500-002,6702500-003,4.492156028747559
6703400-017,6703400-030,0.4514910876750946
6701100-009,6702300-010,4.229434967041016
6700500-010,6700500-019,2.404750347137451
6703200-013,6703200-001,0.6494418382644653
6702700-015,6703300-018,3.2912604808807373
6703300-028,6703300-007,0.6957564949989319
6702500-001,6702500-007,4.104480743408203
6700300-005,6700600-001,2.172651767730713
6703700-031,6703700-028,0.45164263248443604
6703500-050,6703400-025,1.074808120727539
6702900-006,6702900-005,2.6960883140563965
6703300-021,6703300-004,1.1403720378875732
6701700-011,6701600-014,3.296917200088501
6700300-001,6700600-003,2.007903575897217
6700900-003,6700900-008,3.3313217163085938
6700100-027,6700100-016,1.9461005926132202
6701000-010,6701000-009,0.8137327432632446
6701300-010,6701300-008,1.9008474349975586
6703100-037,6703100-038,1.6962851285934448
6701700-007,6701600-016,2.867050886154175
6701000-006,6701000-011,1.792197346687317
6703400-026,6703500-049,1.3844319581985474
6703200-010,6703200-009,0.5916364192962646
6703200-013,6703200-014,0.7974117398262024
6702700-013,6703200-003,0.955390214920044
6701700-002,6701700-004,3.3354175090789795
6702900-006,6703000-002,3.005887746810913
6701800-008,6701800-004,1.6086329221725464
6702000-008,6702000-001,3.403963565826416
6702100-016,6702100-003,2.728490114212036
6703300-030,6703300-029,1.1181864738464355
6700100-011,6700400-007,2.162099838256836
6703200-005,6703200-015,0.5699228048324585
6703100-035,6703100-005,0.5718129277229309
6700100-008,6700100-016,1.233776569366455
6700300-014,6700300-013,1.954986572265625
6703200-040,6703200-009,0.6603631973266602
6702100-008,6702100-004,2.265233278274536
6702600-009,6703000-007,5.3452982902526855
6702100-011,6702100-009,1.819931149482727
6703200-017,6703200-025,1.1051619052886963
6700400-006,6700100-011,1.756529688835144
6703600-012,6703600-004,1.2348178625106812
6703700-016,6703700-002,0.25694242119789124
6700100-001,6700100-013,1.3591859340667725
6702100-004,6702100-006,0.984359622001648
6703600-008,6703600-006,0.9757200479507446
6703700-012,6703700-004,0.4510613977909088
6703200-012,6703300-023,1.8484832048416138
6703500-008,6703500-011,1.525998592376709
6703200-028,6703200-012,0.8104000687599182
6703600-001,6703600-003,1.0821833610534668
6700700-010,6700700-011,2.330373525619507
6701500-017,6701500-005,2.102677822113037
6700100-008,6700100-029,0.706450343132019
6703000-008,6703000-005,3.138678550720215
6703700-007,6703700-010,0.5059487819671631
6701100-003,6701100-002,2.0249969959259033
6701200-012,6701200-005,1.750057339668274
6702200-004,6701100-004,2.174159049987793
6700700-002,6700700-012,1.9964967966079712
6703700-016,6703700-015,0.35865285992622375
6701400-012,6701200-003,2.464757204055786
6703100-014,6703100-016,1.2313820123672485
6703200-016,6703200-015,0.2574782073497772
6701500-002,6701500-003,1.5451635122299194
6703700-001,6703200-021,0.586308479309082
6703100-004,6703100-008,1.1987253427505493
6701900-005,6701900-004,1.8279129266738892
6703100-018,6703100-027,1.2963671684265137
6702900-014,6702800-010,6.124357223510742
6703200-023,6703200-031,0.7073281407356262
6703200-042,6703200-044,0.8904742002487183
6703300-038,6703300-037,0.39823317527770996
6702800-019,6702800-002,1.9296042919158936
6701500-009,6701500-019,2.959960699081421
6701800-015,6701800-016,1.507008671760559
6703500-018,6703500-015,1.6249111890792847
6700400-007,6700400-009,3.7473227977752686
6703200-016,6703200-028,0.3964407742023468
6700200-020,6700800-007,2.691603422164917
6702800-012,6702700-017,2.6459805965423584
6703500-021,6703500-020,1.2385766506195068
6703200-034,6703200-045,0.9331892728805542
6703500-039,6703100-011,1.038249135017395
6700200-008,6700200-017,2.585813522338867
6701200-009,6701600-001,1.8156152963638306
6700300-002,6700300-005,1.1751582622528076
6703500-033,6703500-030,2.9661498069763184
6700500-009,6700500-011,1.961736798286438
6702400-007,6702400-006,5.411910057067871
6701400-010,6701500-018,1.9410943984985352
6702800-007,6702800-005,1.1623870134353638
6700500-001,6700500-012,3.017580509185791
6703200-036,6703700-019,0.46689555048942566
6702800-018,6702800-019,1.7469600439071655
6701200-011,6701200-008,1.5757561922073364
6703700-015,6703700-018,0.3558744192123413
6702900-009,6702900-008,0.7647150754928589
6702800-014,6702800-021,1.498427152633667
6701500-020,6701500-019,1.0769981145858765
6702800-004,6702800-013,1.2001432180404663
6700100-011,6700100-006,0.5506047606468201
6703700-038,6703300-005,0.5067460536956787
6703700-029,6703700-037,0.5617753267288208
6703100-021,6703100-028,0.36881667375564575
6702400-006,6702300-006,5.0257697105407715
6701600-008,6701600-010,2.469062328338623
6701700-009,6701700-005,1.5190900564193726
6703200-038,6703200-005,0.2922513782978058
6700500-011,6700100-016,1.722000002861023
6703300-014,6703300-019,2.380704879760742
6700300-024,6700300-019,3.3748443126678467
6703200-031,6703200-002,0.47929978370666504
6700300-008,6700300-011,3.5335869789123535
6703200-008,6703200-018,0.8097524046897888
6702500-006,6702500-005,2.677379608154297
6703500-048,6703500-004,1.4306660890579224
6702000-006,6702000-010,2.337144613265991
6703700-009,6703200-005,0.6867374777793884
6703400-030,6703400-037,0.654934287071228
6703100-005,6703100-033,1.3292869329452515
6701900-013,6701000-010,2.2656266689300537
6702600-009,6702600-006,5.945220470428467
6700600-005,6700600-010,3.3753364086151123
6703300-025,6703300-006,0.7268186211585999
6700700-008,6700700-007,0.6789700388908386
6700900-005,6700900-001,1.291688323020935
6700100-029,6700100-009,0.8623794317245483
6700900-008,6700900-006,1.9446536302566528
6703000-006,6703000-001,4.16364049911499
6703500-002,6703500-009,1.722737193107605
6700700-001,6700700-004,0.7413597702980042
6703300-037,6703300-016,1.586115837097168
6702600-001,6702600-007,3.8695075511932373
6703300-014,6703300-032,1.3614130020141602
6701000-007,6701000-008,1.7781654596328735
6702500-006,6702600-009,4.7003912925720215
6702900-008,6702900-011,1.7522354125976562
6703600-006,6703600-015,0.5391228795051575
6700900-012,6701000-005,5.796523571014404
6701100-006,6701100-005,1.4023799896240234
6703100-016,6702700-002,1.976662039756775
6701400-006,6701400-004,2.490865707397461
6703200-007,6703200-008,0.8416905403137207
6701500-012,6701500-009,3.71358323097229
6700100-010,6700100-009,1.655301570892334
6700900-005,6701000-002,1.758323073387146
6703500-003,6702100-010,1.2154630422592163
6703200-028,6703300-022,0.7363039255142212
6703200-041,6703200-006,0.7240321636199951
6701500-005,6701500-006,2.889760732650757
6700700-023,6700700-005,1.491985559463501
6703700-037,6703700-008,0.284908652305603
6700700-028,6701400-007,2.650233507156372
6701500-008,6701500-011,3.677258253097534
6703300-017,6703300-020,1.9990869760513306
6700200-011,6700200-007,1.4022483825683594
6703100-018,6701800-014,1.1928304433822632
6700400-006,6700400-001,1.5557150840759277
6700500-012,6700500-001,3.017580509185791
6703300-029,6703300-030,1.1181864738464355
6700100-014,6700100-020,1.9244767427444458
6703200-005,6703700-011,0.5905882120132446
6703100-025,6703100-001,0.6440158486366272
6703500-010,6703500-004,1.5580281019210815
6700200-007,6700200-009,2.2003655433654785
6701800-009,6701800-014,1.7180912494659424
6703100-002,6703100-017,1.6035147905349731
6701900-016,6701000-011,1.7957080602645874
6701600-012,6701500-006,4.581166744232178
6703500-009,6703500-008,0.5290907621383667
6702200-004,6702200-002,1.328468680381775
6701900-019,6701100-003,3.239579677581787
6703500-012,6703500-013,1.8722763061523438
6700700-011,6700700-008,0.9282923936843872
6702800-021,6702800-009,1.6329325437545776
6703200-041,6703200-019,0.7102561593055725
6703600-009,6703300-028,1.00084388256073
6703500-024,6703500-023,1.2636332511901855
6700100-021,6700200-007,1.8746519088745117
6703700-020,6703700-017,0.253475546836853
6703300-020,6703300-038,1.0343133211135864
6703200-037,6703200-021,0.6051639318466187
6702100-005,6702100-016,2.046351909637451
6702300-001,6702300-006,4.838858604431152
6703300-024,6703700-009,0.5899531841278076
6702300-004,6702400-001,4.698441982269287
6703700-032,6703700-027,0.7138456702232361
6702800-009,6702800-012,3.885955810546875
6703300-012,6703300-039,0.5252227187156677
6701200-002,6701200-001,0.5696814656257629
6703100-008,6703100-010,1.872540831565857
6703100-027,6703100-023,1.9346221685409546
6703300-022,6703300-003,0.9826256036758423
6703400-041,6703700-025,0.8793759346008301
6700500-007,6700500-020,3.1366827487945557
6703700-006,6703700-011,0.6375095248222351
6703400-027,6703400-007,0.6155308485031128
6702800-002,6702800-009,1.5510696172714233
6701200-013,6701200-015,1.6332123279571533
6701200-011,6700700-021,2.431809663772583
6701500-011,6701500-012,1.6286747455596924
6700200-017,6700200-013,1.4254107475280762
6701200-006,6701200-012,1.5912010669708252
6703100-038,6703100-010,1.4612170457839966
6700500-018,6700500-007,3.313382387161255
6701500-023,6701500-022,3.812886953353882
6703200-036,6703200-038,0.5822634100914001
6702500-009,6702400-002,6.2091240882873535
6703200-020,6703200-030,0.6942569613456726
6703300-013,6703300-011,0.6520626544952393
6702700-008,6702800-012,2.3604321479797363
6701900-011,6701900-008,0.9465754628181458
6701900-014,6701900-013,1.667949914932251
6703500-034,6703500-027,2.563492774963379
6703200-032,6703200-040,0.6870700716972351
6703500-011,6703500-043,1.047619342803955
6701900-004,6701900-005,1.8279129266738892
6701300-001,6701600-008,1.7312089204788208
6703400-010,6703400-016,0.22492006421089172
6702400-001,6702300-010,4.467525959014893
6700600-004,6700600-002,1.7640126943588257
6702400-004,6702400-005,4.987646102905273
6701600-001,6701200-010,2.4728591442108154
6700100-002,6700100-012,1.2755277156829834
6702800-020,6702800-012,4.022388935089111
6703100-029,6703500-037,1.6627788543701172
6703400-021,6703400-030,0.38891705870628357
6700500-018,6700500-020,1.6333273649215698
6702500-009,6702500-008,11.233661651611328
6703700-035,6703700-028,0.6596238017082214
6700800-011,6700800-009,1.301793098449707
6703100-012,6702800-015,2.666264533996582
6703400-017,6703400-032,0.5203087329864502
6703100-033,6703100-029,2.116178035736084
6703500-001,6703100-029,2.0363805294036865
6703300-028,6703300-009,0.41475027799606323
6703500-026,6701500-021,2.5221121311187744
6702500-004,6702600-005,3.8415472507476807
6703300-005,6703300-025,0.5999957323074341
6701500-015,6701200-018,2.6985507011413574
6701200-019,6701200-021,1.4293421506881714
6700300-001,6700600-005,3.478435516357422
6700300-014,6700300-002,2.11379337310791
6700900-006,6701000-003,2.411264181137085
6702300-007,6702500-008,7.203033924102783
6700100-001,6700100-002,0.8940528631210327
6703300-035,6703300-025,0.7096176147460938
6700100-020,6700100-015,1.17426598072052
6701700-006,6701700-004,1.9497919082641602
6701900-017,6701900-014,2.764502763748169
6703100-030,6703100-037,0.42545628547668457
6703200-010,6703200-011,0.3123006224632263
6701800-005,6701800-001,0.4278484880924225
6702800-008,6702900-007,2.26078462600708
6701700-002,6701700-006,4.393362998962402
6703700-025,6703400-041,0.8793759346008301
6701800-008,6701800-006,0.2946484386920929
6703300-030,6703300-031,0.9882977604866028
6700100-015,6700100-021,1.8982404470443726
6700300-021,6700300-018,1.602304220199585
6700700-029,6700700-013,1.0353362560272217
6702100-008,6702100-006,1.5075510740280151
6700700-002,6700700-001,0.39363524317741394
6700700-005,6700700-006,0.4661361277103424
6703300-015,6703300-029,1.2420985698699951
6701100-006,6702200-003,2.624392032623291
6702100-004,6702100-008,2.265233278274536
6703200-016,6703200-004,0.8996087908744812
6700400-004,6700400-010,3.7433154582977295
6703500-015,6703500-016,1.2858664989471436
6700700-014,6700700-011,1.5050843954086304
6703700-012,6703700-006,0.48939239978790283
6700700-017,6700700-016,1.670094609260559
6700200-009,6700100-018,2.2006030082702637
6702700-007,6702700-009,1.3195911645889282
6703300-011,6703300-031,0.8919048309326172
6702900-012,6702900-013,2.464447259902954
6703300-024,6703200-015,0.43012160062789917
6701100-010,6701100-007,3.7374379634857178
6701500-017,6701500-007,3.4839704036712646
6700700-009,6700700-017,1.9423168897628784
6703000-008,6703000-007,1.5556432008743286
6703700-007,6703700-012,0.5841404795646667
6701100-003,6701100-004,1.7460659742355347
6703100-013,6702700-001,1.3262197971343994
6703500-045,6703500-016,1.5301730632781982
6702200-003,6701100-010,3.5851542949676514
6701800-016,6701800-001,3.443272829055786
6700700-002,6700700-014,1.5835119485855103
6701800-015,6701800-005,3.4667794704437256
6702800-012,6702700-006,3.800734043121338
6701500-002,6701500-005,2.4080581665039062
6700900-009,6700400-002,2.2226314544677734
6701500-021,6701500-018,3.3736836910247803
6701800-011,6701800-007,2.0652315616607666
6700200-008,6700200-006,0.8650942444801331
6703300-019,6702700-015,3.397782802581787
6703300-024,6703200-028,0.5659100413322449
6701500-014,6701500-015,1.2454601526260376
6703200-027,6703200-031,0.7875377535820007
6703400-001,6703100-011,1.0164462327957153
6700200-001,6700200-003,1.5754534006118774
6701900-002,6701900-001,1.4864166975021362
6701900-005,6701900-006,1.3868262767791748
6702300-010,6702300-002,3.5539615154266357
6702800-019,6702800-004,0.655636727809906
6701500-009,6701500-021,2.5780694484710693
6701200-013,6701600-001,1.3396869897842407
6701400-012,6701200-018,2.6096887588500977
6700400-007,6700400-011,3.6065971851348877
6702400-001,6701100-008,5.663158416748047
6700500-013,6700500-011,3.2831273078918457
6700800-010,6700800-001,2.0788280963897705
6703700-001,6703200-036,0.687365710735321
6703700-033,6703700-024,0.7483159899711609
6700500-006,6700500-008,2.0530505180358887
6702800-004,6702800-002,2.4185550212860107
6701000-011,6701900-014,2.323711633682251
6703700-029,6703700-026,0.4797555208206177
6703400-031,6703400-009,0.5345061421394348
6701100-009,6701100-010,2.644148349761963
6703200-045,6703200-034,0.9331892728805542
6703700-022,6703700-023,0.28691020607948303
6702800-018,6702800-021,1.4706848859786987
6700600-015,6700300-008,6.698232173919678
6701200-011,6701200-010,0.7876304388046265
6703400-020,6703400-035,0.43914902210235596
6701600-004,6701600-001,1.2267705202102661
6703400-035,6703400-020,0.43914902210235596
6703200-008,6703200-007,0.8416905403137207
6701500-020,6701500-021,1.7267874479293823
6700600-001,6700300-002,1.7887256145477295
6703300-007,6703300-005,0.5736004710197449
6700100-004,6700100-005,0.16202552616596222
6703500-050,6703500-039,1.2255432605743408
6700300-012,6700300-011,3.8539445400238037
6700300-015,6700300-016,1.5950075387954712
6700500-019,6700500-017,3.7224884033203125
6703400-035,6703400-033,0.6269120573997498
6700300-024,6700300-021,2.457735300064087
6700400-003,6700400-002,0.6131489872932434
6700600-010,6700600-006,2.5988268852233887
6703100-028,6703200-007,0.9602334499359131
6702100-002,6702100-004,1.6511307954788208
6702500-003,6702500-002,4.492156028747559
6703200-008,6703200-020,0.8389562964439392
6703700-005,6703400-033,0.6022661328315735
6701600-015,6701700-010,3.726482391357422
6703100-005,6703100-035,0.5718129277229309
6703300-025,6703300-008,0.4209921360015869
6700700-008,6700700-009,0.6494770050048828
6700900-005,6700900-003,0.9624261260032654
6702900-003,6702900-006,3.4481441974639893
6703000-006,6703000-003,3.192963123321533
6701100-001,6701000-013,3.992698907852173
6703300-037,6703300-018,1.3689255714416504
6702700-010,6702700-012,2.1896092891693115
6701500-007,6701600-018,3.977473258972168
6703200-026,6702700-004,0.9769392609596252
6702900-016,6702900-017,2.09932017326355
6701000-007,6701000-010,2.4651074409484863
6702500-003,6702600-006,3.055406093597412
6703400-018,6703400-042,0.7417528629302979
6703200-014,6703200-013,0.7974117398262024
6703600-003,6703600-012,1.2688312530517578
6703200-033,6703200-026,1.2939724922180176
6700300-010,6700600-014,4.957645893096924
6700100-017,6700100-014,2.3319356441497803
6701900-008,6702100-001,2.6610140800476074
6700700-014,6701000-010,3.0980749130249023
6701500-012,6701500-011,1.6286747455596924
6703100-009,6703500-001,2.2736706733703613
6703200-028,6703300-024,0.5659100413322449
6700700-023,6700700-007,1.667500615119934
6701400-001,6701400-012,1.2841033935546875
6701700-008,6701700-010,1.1144211292266846
6703400-016,6703400-009,0.4385449290275574
6700400-006,6700400-003,2.5878844261169434
6700500-012,6700500-003,2.416846513748169
6703200-014,6703200-026,1.0293134450912476
6703300-029,6703300-032,0.9780284762382507
6701200-005,6701500-013,2.164119243621826
6700900-007,6700400-011,1.987659215927124
6700100-017,6700100-027,1.4890059232711792
6703500-051,6703500-007,1.1259052753448486
6701400-001,6702100-015,2.2428653240203857
6703500-009,6703500-010,1.1277002096176147
6701100-003,6702200-002,2.569591760635376
6700700-011,6700700-010,2.330373525619507
6702800-005,6702800-003,1.5751748085021973
6700700-024,6701900-009,1.6832112073898315
6703100-039,6703100-022,0.6195463538169861
6703500-024,6703500-025,1.1330974102020264
6700700-026,6700700-025,1.9474244117736816
6702700-016,6702700-018,3.829352855682373
6701800-020,6701800-003,3.780078411102295
6700700-025,6700700-029,1.2855925559997559
6701200-006,6701200-001,1.0213136672973633
6703200-023,6703400-004,0.7651879191398621
6701200-009,6701200-006,1.705146312713623
6702300-001,6702300-008,2.9293601512908936
6702700-009,6702700-015,2.943254232406616
6703700-013,6703700-016,0.5797271132469177
6703700-032,6703700-029,0.349714994430542
6700800-008,6700800-010,2.885662317276001
6701200-002,6701200-003,0.9125691056251526
6703700-020,6703400-020,0.6981096863746643
6703200-032,6703200-029,0.8966950178146362
6702800-002,6702800-011,4.49571418762207
6703100-020,6703100-022,0.5908185243606567
6701500-011,6701500-014,2.6023683547973633
6700100-002,6700100-001,0.8940528631210327
6701300-013,6701600-007,2.6285908222198486
6703700-001,6703700-019,0.44670090079307556
6700700-006,6700700-029,1.572759747505188
6703300-001,6703300-003,0.8819510340690613
6703400-003,6703400-002,0.47574740648269653
6700200-017,6700200-015,1.4604616165161133
6703400-041,6703400-028,0.5367225408554077
6701200-009,6701200-019,2.0803539752960205
6700500-018,6700500-009,2.992931604385376
6702300-007,6702300-001,3.669537305831909
6703300-010,6703300-008,0.7496292591094971
6703700-035,6703700-017,0.5814543962478638
6703400-015,6703400-012,0.4119446873664856
6701900-011,6701900-010,1.7807289361953735
6701900-014,6701900-015,1.6402814388275146
6703500-034,6703500-029,2.287505626678467
6701900-004,6701900-007,1.943408489227295
6701900-007,6701900-012,2.5946109294891357
6703500-046,6703500-039,0.6361218094825745
6702400-001,6702400-002,5.284553050994873
6702400-004,6702400-007,2.626617670059204
6701600-001,6701200-012,1.4414936304092407
6700100-002,6700100-014,0.7426776885986328
6703000-002,6702900-006,3.005887746810913
6700900-006,6700900-004,1.5158226490020752
6700800-007,6700200-020,2.691603422164917
6703500-041,6703500-045,1.2230260372161865
6703100-012,6702800-017,1.2321313619613647
6701000-006,6701000-002,3.038731336593628
6700700-015,6701900-013,2.9099252223968506
6701800-017,6702600-007,2.7123427391052246
6702900-013,6702900-012,2.464447259902954
6703700-028,6703600-005,0.9610350728034973
6703300-028,6703300-011,0.8464718461036682
6700100-013,6700100-001,1.3591859340667725
6703300-005,6703300-027,0.44107726216316223
6701600-008,6701300-007,2.060793876647949
6702900-006,6702900-009,2.7361159324645996
6703700-030,6703700-036,0.3547482192516327
6700400-005,6700900-009,2.434309720993042
6701600-013,6701600-010,1.9452977180480957
6703700-023,6703700-033,0.9731204509735107
6700100-008,6700100-007,0.7438421249389648
6700300-014,6700300-004,2.314981698989868
6703700-026,6703700-038,0.23286598920822144
6703300-016,6703300-014,1.4768867492675781
6703300-035,6703300-027,0.45244014263153076
6701400-004,6702100-005,1.4298737049102783
6700300-010,6700300-006,4.629012107849121
6701900-017,6701900-016,1.4048614501953125
6700900-012,6700600-013,5.867223739624023
6703200-035,6703200-006,0.8865219950675964
6702200-006,6702600-002,2.174875020980835
6701800-005,6701800-003,1.8536878824234009
6701100-008,6700900-012,5.536015510559082
6703300-027,6703300-028,0.7618176341056824
6703500-050,6703400-042,1.2083852291107178
6703700-025,6703400-043,0.8230094909667969
6703500-036,6703600-013,3.6511549949645996
6703300-030,6703300-033,0.9916365146636963
6703500-008,6703500-002,1.7443742752075195
6700300-021,6700300-020,2.1073708534240723
6700800-009,6701000-008,2.0897395610809326
6700300-014,6700300-017,4.221334457397461
6701600-003,6701500-001,1.3798956871032715
6702000-003,6702000-011,2.7399566173553467
6702100-011,6702100-013,1.7544625997543335
6700400-006,6700100-015,1.413313865661621
6703600-012,6703600-008,0.901387631893158
6700700-002,6700700-003,0.6005933880805969
6703300-038,6703300-015,2.2317299842834473
6700100-001,6700100-017,2.062234878540039
6700700-005,6700700-008,1.1617597341537476
6700200-016,6700100-023,1.1533764600753784
6701100-006,6702200-005,3.2685742378234863
6703500-015,6703500-018,1.6249111890792847
6703200-035,6703200-019,0.6103953719139099
6703600-008,6703600-010,1.3706145286560059
6700700-017,6700700-018,1.1150784492492676
6703300-008,6703300-028,0.8014129996299744
6702700-007,6702700-011,3.0524556636810303
6701500-012,6701200-004,2.879931926727295
6703500-017,6703600-013,0.9803145527839661
6703100-023,6703100-012,1.402083396911621
6700700-016,6700700-022,1.4873511791229248
6703100-007,6703100-004,1.0044865608215332
6703500-049,6703500-016,1.187933087348938
6703200-028,6703200-016,0.3964407742023468
6701100-010,6701100-009,2.644148349761963
6700200-001,6700100-021,1.9181662797927856
6703300-003,6703300-034,0.5984097123146057
6701100-003,6701100-006,2.3227171897888184
6701200-012,6701200-009,1.6248784065246582
6703500-045,6703500-018,1.936651587486267
6703200-023,6703200-022,0.6331099271774292
6702100-013,6703500-013,2.220080852508545
6700100-026,6700100-023,1.235041856765747
6701800-009,6703100-018,1.6089211702346802
6703100-014,6703100-020,1.53696870803833
6702800-012,6702700-008,2.3604321479797363
6700900-009,6700400-004,2.616560935974121
6701500-021,6701500-020,1.7267874479293823
6702800-017,6703100-023,1.94881010055542
6702100-014,6701400-011,2.4412693977355957
6701800-011,6701800-009,1.576314926147461
6703300-033,6703300-034,0.7986627817153931
6701900-009,6701900-006,2.4385547637939453
6703100-011,6703400-013,0.8570409417152405
6703400-006,6703400-005,0.38155364990234375
6701900-002,6701900-003,1.5605683326721191
6701800-006,6701800-015,3.590688943862915
6701900-005,6701900-008,2.097214698791504
6702300-010,6702300-004,3.72768235206604
6700500-020,6700500-016,2.1348319053649902
6702800-019,6702800-006,0.74892657995224
6703500-028,6703500-027,1.0382084846496582
6701800-015,6701800-020,2.6375558376312256
6703500-022,6702100-012,2.5032548904418945
6701200-013,6701600-003,1.721917748451233
6701600-002,6701200-013,1.5465617179870605
6700600-011,6700600-005,4.084041595458984
6703500-021,6703500-024,1.327000379562378
6700500-016,6700500-018,1.3502585887908936
6702800-007,6702800-009,0.7284349203109741
6701000-011,6701900-016,1.7957080602645874
6703700-029,6703700-028,0.6936638951301575
6700800-005,6700800-009,2.2038657665252686
6703400-031,6703400-011,0.39213013648986816
6703400-036,6703700-017,0.47884902358055115
6703100-021,6703100-019,0.5952451229095459
6702700-001,6703100-021,1.570957899093628
6700500-001,6700500-016,3.6151134967803955
6703400-040,6703400-016,0.8993995785713196
6703700-022,6703700-025,0.574546217918396
6700600-015,6700300-010,4.4390692710876465
6703400-042,6703400-025,0.5596363544464111
6703100-036,6703100-034,1.2967137098312378
6701600-004,6701600-003,2.1319332122802734
6701000-008,6700800-009,2.0897395610809326
6703400-038,6703400-027,0.30378416180610657
6701300-001,6701300-005,0.9503867030143738
6703400-043,6703700-033,0.559943437576294
6701600-015,6701600-017,3.3167104721069336
6701900-008,6701900-009,1.982933521270752
6702000-006,6702000-001,1.7420361042022705
6702600-006,6702500-001,5.9442219734191895
6702600-009,6702500-006,4.7003912925720215
6703500-050,6703500-041,0.6927184462547302
6701800-013,6702900-016,3.382307529449463
6701900-020,6701900-019,2.392127275466919
6703100-031,6703400-038,0.6901810765266418
6703000-006,6702900-008,5.183938503265381
6702900-016,6702900-005,3.3949058055877686
6703400-019,6703400-027,0.6293476223945618
6702100-002,6702100-006,2.3811209201812744
6702500-003,6702500-004,1.8085362911224365
6703600-003,6703600-001,1.0821833610534668
6702700-006,6702700-003,2.4187021255493164
6703300-032,6703300-013,1.4820846319198608
6700300-003,6700300-021,3.5349462032318115
6700700-008,6700700-011,0.9282923936843872
6700100-029,6700100-013,1.5456899404525757
6700200-019,6700100-026,1.780768632888794
6702700-003,6703200-017,2.0506880283355713
6700900-008,6700900-010,2.490246534347534
6702900-003,6702900-008,1.5977883338928223
6703000-006,6703000-005,2.5839462280273438
6703600-001,6703700-034,1.7548980712890625
6701100-001,6701100-002,1.3945796489715576
6703400-026,6703400-043,0.4929399788379669
6702700-010,6702700-014,3.0361948013305664
6703300-039,6703300-029,0.7234923243522644
6702900-014,6703000-006,4.465943813323975
6701300-007,6701300-011,2.4353256225585938
6700800-004,6700100-024,2.3990941047668457
6703600-003,6703600-014,0.2628350555896759
6700100-014,6700100-011,1.4734493494033813
6703300-032,6703300-026,0.9382908344268799
6700100-017,6700100-016,2.300762414932251
6701800-009,6701800-005,1.6608444452285767
6701500-012,6701500-013,0.9008984565734863
6701800-016,6702900-017,3.1053237915039062
6702100-005,6701400-004,1.4298737049102783
6703500-005,6703500-001,2.1069657802581787
6700200-002,6700200-006,0.4886455833911896
6700300-018,6700300-019,3.1352241039276123
6702600-010,6703000-008,3.4667348861694336
6700700-007,6700700-001,0.9543014168739319
6701700-008,6701700-012,3.548325777053833
6703200-002,6703200-018,0.48729097843170166
6700400-006,6700400-005,2.3971750736236572
6703500-016,6703500-015,1.2858664989471436
6702300-004,6702300-002,2.2568325996398926
6703200-041,6702700-004,1.5926088094711304
6703500-037,6703100-011,1.139136552810669
6703500-009,6703500-012,1.6213170289993286
6701100-003,6702200-004,3.276327133178711
6702200-004,6702200-006,2.1808817386627197
6700700-011,6700700-012,2.1726770401000977
6702800-021,6702800-013,0.874108076095581
6700800-004,6700800-001,1.08241605758667
6703100-039,6703100-024,0.3230530321598053
6703200-027,6703400-004,0.6270221471786499
6703500-005,6703500-014,2.012352228164673
6702000-004,6702100-010,2.693544626235962
6703200-002,6703200-031,0.47929978370666504
6703300-017,6703300-037,1.469404697418213
6702800-017,6702800-015,1.5780377388000488
6703700-020,6703700-021,0.3130025267601013
6701200-006,6701200-003,2.4364583492279053
6701200-009,6701200-008,0.7061321139335632
6703100-015,6703100-017,1.6725172996520996
6700400-008,6700500-014,3.604983329772949
6703200-027,6703100-019,1.0452425479888916
6703700-013,6703700-018,0.5233325362205505
6700200-010,6700200-001,2.004693031311035
6700800-008,6700800-012,2.046163558959961
6701200-002,6701200-005,2.1539206504821777
6701500-018,6701500-019,1.9495166540145874
6702800-005,6702800-018,1.4741394519805908
6701900-007,6701900-001,0.462026447057724
6703400-029,6703400-020,0.41833725571632385
6700200-024,6700200-020,0.8601691722869873
6700600-004,6700500-014,3.1664154529571533
6701600-007,6701600-006,1.4192094802856445
6703200-043,6703200-045,0.5502036213874817
6700100-002,6700100-003,0.6079261898994446
6701300-013,6701600-009,1.8930259943008423
6701800-020,6701800-018,3.402716636657715
6703400-022,6703400-017,0.6462348103523254
6701900-018,6701900-015,1.6984251737594604
6702500-009,6702400-006,8.782547950744629
6703200-020,6703200-034,0.46003156900405884
6700800-014,6700800-005,2.1132071018218994
6701900-011,6701900-012,1.2470250129699707
6703100-008,6703100-027,2.140434980392456
6701900-014,6701900-017,2.764502763748169
6700300-005,6700500-015,2.6262216567993164
6700800-007,6700800-002,2.391594886779785
6702500-004,6702500-005,5.795093536376953
6700500-004,6700300-005,2.659295082092285
6703700-008,6703700-037,0.284908652305603
6702400-001,6702400-004,2.6689300537109375
6702600-004,6702600-001,3.2872314453125
6700400-005,6700800-013,2.353715658187866
6700600-004,6700600-006,3.6229074001312256
6701600-001,6701200-014,2.1411075592041016
6703700-023,6703700-022,0.28691020607948303
6700900-003,6700900-001,0.6005216240882874
6703400-003,6703400-017,0.5676649808883667
6703100-038,6703100-027,1.4601188898086548
6703500-030,6701500-023,6.325020790100098
6701500-006,6701600-012,4.581166744232178
6703400-042,6703500-050,1.2083852291107178
6703700-038,6703700-037,0.3853161334991455
6703400-026,6703500-042,1.1929678916931152
6702900-013,6702900-014,2.4478657245635986
6700100-013,6700100-003,1.1940363645553589
6702800-008,6702800-019,2.0010733604431152
6700600-005,6700300-006,3.3893749713897705
6702900-006,6702900-011,1.7851518392562866
6703500-036,6703600-002,3.055652141571045
6700700-029,6700700-004,1.5889790058135986
6703500-038,6703100-036,1.2482410669326782
6703500-010,6703500-037,1.5897396802902222
6701600-013,6701600-012,1.5282471179962158
6703300-004,6703300-006,0.649407148361206
6703700-023,6703700-035,0.3720778226852417
6700900-003,6701000-002,2.7066829204559326
6700100-008,6700100-009,1.2829663753509521
6701700-013,6701700-011,3.673964738845825
6700400-006,6700100-004,1.378988265991211
6700100-020,6700100-019,1.7010787725448608
6700100-006,6700400-006,1.7290154695510864
6700300-010,6700300-008,2.5598442554473877
6703300-034,6703300-033,0.7986627817153931
6701900-017,6701900-018,1.7590086460113525
6700400-004,6700400-001,1.780661702156067
6700700-014,6700700-002,1.5835119485855103
6702200-006,6702600-004,3.6033596992492676
6700600-014,6700600-010,5.894163608551025
6700300-021,6700300-022,4.117763519287109
6703200-005,6703200-021,0.7165148258209229
6702600-010,6702600-007,5.214939594268799
6700700-009,6700700-008,0.6494770050048828
6703300-023,6703300-032,1.5304937362670898
6700900-001,6700400-011,3.3750481605529785
6701900-021,6702000-008,3.3065569400787354
6702100-008,6702100-010,2.0194478034973145
6701600-003,6701500-003,2.480436086654663
6703100-018,6703100-007,2.262042760848999
6701000-007,6700700-015,3.0779764652252197
6703600-012,6703600-010,1.3396800756454468
6700700-002,6700700-005,0.6458724141120911
6703300-038,6703300-017,1.1391348838806152
6700700-021,6700700-018,2.0710856914520264
6703100-026,6703400-004,0.5921867489814758
6703700-016,6703700-008,0.5287781953811646
6703100-039,6703200-027,0.6368557810783386
6700700-024,6700700-023,1.775609016418457
6700200-016,6700100-025,2.327528715133667
6702900-017,6702900-016,2.09932017326355
6703300-018,6703300-038,1.1861218214035034
6700100-003,6700100-028,1.3274106979370117
6703000-003,6703000-004,2.4172940254211426
6703500-015,6703500-020,2.3137805461883545
6703600-005,6703600-007,0.9544008374214172
6701200-021,6700700-018,2.2667930126190186
6702100-003,6702100-016,2.728490114212036
6701500-021,6701500-009,2.5780694484710693
6702800-017,6703100-012,1.2321313619613647
6703600-008,6703600-012,0.901387631893158
6703700-034,6703600-013,1.1375190019607544
6703500-017,6703600-015,1.8393064737319946
6703100-007,6703100-006,1.1879948377609253
6701400-007,6701400-005,2.093196153640747
6702700-014,6703200-035,2.082909107208252
6703200-027,6703200-022,0.4406239688396454
6701500-017,6701500-011,2.173278331756592
6703200-021,6703700-014,0.65163254737854
6700500-021,6700500-001,2.5165765285491943
6700300-016,6700500-004,1.9914801120758057
6700200-013,6700200-004,2.555248498916626
6700100-009,6700400-007,2.6340062618255615
6701500-009,6701500-012,3.71358323097229
6703100-034,6703100-001,0.7914992570877075
6700700-005,6700700-023,1.491985559463501
6700100-026,6700100-025,1.388527512550354
6700200-016,6700200-009,1.2141467332839966
6701400-010,6702100-013,2.805816173553467
6700500-016,6700500-007,2.1152303218841553
6701500-021,6701500-022,4.832093238830566
6700100-018,6700100-026,2.3431007862091064
6702800-014,6702800-001,1.6691420078277588
6701900-009,6701900-008,1.982933521270752
6702200-005,6702200-003,3.7440240383148193
6703100-011,6703400-015,0.6668916940689087
6703400-006,6703400-007,0.3875066339969635
6700200-001,6700200-007,1.6419302225112915
6700100-016,6700500-010,2.5542280673980713
6701800-003,6701800-012,2.371325731277466
6701900-002,6701900-005,2.5474021434783936
6702700-002,6702800-014,2.1832566261291504
6701900-005,6701900-010,2.338941812515259
6702100-014,6702100-016,1.871532678604126
6701200-018,6701200-004,2.392270803451538
6703500-025,6703500-024,1.1330974102020264
6703200-045,6703200-025,0.9235853552818298
6700500-020,6700500-018,1.6333273649215698
6703500-028,6703500-029,0.782302737236023
6700700-027,6700700-024,1.9779865741729736
6703400-001,6703400-013,0.5070244669914246
6703500-018,6703500-021,2.126096487045288
6700500-013,6700500-015,1.4913839101791382
6702200-002,6701100-004,2.2734196186065674
6700500-016,6700500-020,2.1348319053649902
6703200-015,6703200-038,0.4810079038143158
6703700-017,6703700-020,0.253475546836853
6701200-003,6701200-002,0.9125691056251526
6703400-043,6703700-022,1.3107447624206543
6702200-005,6702300-009,3.764443874359131
6702800-004,6702800-006,0.8923012614250183
6700800-005,6700800-011,2.8514885902404785
6703400-031,6703400-013,0.512332558631897
6701200-015,6701200-012,1.8627322912216187
6701200-018,6701200-017,1.3478989601135254
6701500-013,6701200-018,2.577650308609009
6703100-024,6703100-026,0.5114298462867737
6703200-003,6703200-041,0.6121640205383301
6703400-038,6703100-031,0.6901810765266418
6702700-017,6702800-012,2.6459805965423584
6700600-015,6700300-012,3.585620880126953
6703100-017,6703100-023,1.0887556076049805
6703400-028,6703700-020,0.5263245701789856
6702600-002,6702300-009,3.997354745864868
6701300-008,6701300-010,1.9008474349975586
6702300-005,6702500-008,5.229753494262695
6701600-004,6701600-005,1.6889145374298096
6701000-008,6700800-011,3.0301194190979004
6702900-016,6702800-015,2.1453773975372314
6700400-012,6700600-008,3.7600913047790527
6700200-014,6700200-016,2.117237091064453
6700300-008,6700300-004,3.589806318283081
6701300-001,6701300-007,0.5883322954177856
6703300-007,6703300-009,0.8907802700996399
6700100-011,6700100-012,1.3088527917861938
6700700-015,6700800-011,2.334747076034546
6701900-008,6701900-011,0.9465754628181458
6702000-006,6702000-003,2.7287940979003906
6702600-006,6702500-003,3.055406093597412
6700300-019,6700300-018,3.1352241039276123
6703100-024,6703100-039,0.3230530321598053
6702400-006,6702400-002,4.2774577140808105
6700600-005,6700600-003,1.8615459203720093
6703400-019,6703100-031,0.8087119460105896
6700100-029,6700100-002,1.5272403955459595
6701900-020,6701900-021,1.4826234579086304
6703400-007,6703400-019,0.5592015981674194
6700500-019,6700500-021,3.7973241806030273
6703500-010,6703100-029,1.4811238050460815
6700400-009,6700600-016,2.761603593826294
6703600-010,6703600-006,1.4986122846603394
6701800-019,6702600-002,3.8626210689544678
6700400-011,6700900-002,3.306617021560669
6702500-003,6702500-006,2.4419007301330566
6700300-007,6700300-021,1.4602984189987183
6702700-006,6702700-005,1.3258832693099976
6700300-010,6700600-005,3.7822458744049072
6702900-008,6702900-004,2.15332293510437
6703700-005,6703400-037,0.560761034488678
6703500-038,6703500-046,1.137442946434021
6703300-032,6703300-015,2.0119025707244873
6703600-006,6703600-008,0.9757200479507446
6702900-007,6702900-008,1.120792269706726
6700500-005,6700300-015,3.1408331394195557
6703300-009,6703300-031,1.0331844091415405
6703600-010,6703300-031,1.4744465351104736
6703200-026,6703200-014,1.0293134450912476
6702700-012,6703300-023,2.021332263946533
6700900-005,6700900-007,3.1111106872558594
6703100-026,6703200-022,0.8350753784179688
6700700-019,6701300-008,2.5321030616760254
6702900-003,6702900-010,0.6292123198509216
6703400-023,6703400-040,0.8844941854476929
6703000-006,6703000-007,3.6945736408233643
6703600-015,6703400-043,1.0920659303665161
6703400-007,6703400-032,0.6008439064025879
6700500-014,6700100-010,1.6690806150436401
6701400-001,6701400-003,1.0901645421981812
6701500-008,6701500-004,5.188566207885742
6701800-014,6701800-001,2.2677643299102783
6703300-036,6703300-026,2.032571315765381
6703300-039,6703300-031,1.3937138319015503
6703500-017,6703400-043,1.8323134183883667
6701200-005,6701500-004,2.9373743534088135
6700200-007,6700200-002,0.27992773056030273
6701800-009,6701800-007,1.5288419723510742
6703300-022,6703200-028,0.7363039255142212
6700700-011,6700700-001,0.4562283158302307
6701800-002,6701800-004,2.372645616531372
6703200-041,6703200-012,0.9160769581794739
6703100-006,6701800-010,2.2745370864868164
6703500-005,6703500-003,0.7471915483474731
6700200-002,6700200-008,1.007067322731018
6700300-018,6700300-021,1.602304220199585
6700400-013,6700400-010,4.525335311889648
6703200-044,6703200-017,0.2525768280029297
6703600-014,6703500-017,1.3747646808624268
6703200-002,6703200-020,0.3762132525444031
6703300-036,6703300-039,1.5977604389190674
6700700-021,6701200-007,2.5387556552886963
6702700-009,6702700-006,2.786918878555298
6700700-018,6700700-017,1.1150784492492676
6700800-008,6700800-001,2.2196855545043945
6702800-009,6702800-005,0.8406700491905212
6701200-021,6701200-007,1.2827906608581543
6703100-008,6703100-003,2.5637869834899902
6703700-006,6703700-004,0.6796490550041199
6700700-011,6700700-014,1.5050843954086304
6703700-014,6703200-021,0.65163254737854
6700800-004,6700800-003,0.6875099539756775
6701100-005,6701100-001,2.176126718521118
6702800-005,6702800-007,1.1623870134353638
6701100-004,6701100-005,1.4005672931671143
6700700-007,6700700-016,1.287418246269226
6701200-006,6701200-005,1.8601020574569702
6701200-018,6701500-013,2.577650308609009
6703500-001,6702100-010,1.9512519836425781
6702800-016,6703100-013,1.922843337059021
6703100-038,6703100-003,0.9459440112113953
6701000-013,6701100-007,3.378183603286743
6703200-023,6703400-008,0.7403210401535034
6701200-009,6701200-010,1.549108624458313
6700600-016,6700500-013,2.9862213134765625
6702500-009,6702300-005,12.074989318847656
6703500-019,6703500-035,2.770038366317749
6703700-013,6703700-020,0.5417064428329468
6700200-010,6700200-003,2.8547353744506836
6701600-002,6701600-001,1.0709360837936401
6701900-011,6701900-001,1.3716899156570435
6703200-032,6703200-033,1.3425270318984985
6701200-004,6701200-016,1.3873542547225952
6701500-018,6701500-021,3.3736836910247803
6701600-014,6701600-011,2.479684829711914
6702800-005,6702800-020,1.3616095781326294
6701900-007,6701900-003,1.6686334609985352
6703700-008,6703700-026,0.4358803331851959
6703400-010,6703400-009,0.21548953652381897
6700200-024,6700200-022,2.146550416946411
6702400-001,6702300-003,3.5022175312042236
6702800-020,6702800-005,1.3616095781326294
6700100-002,6700100-005,0.6231295466423035
6703500-007,6703500-038,0.8959603309631348
6701600-004,6701200-008,2.0771219730377197
6700300-011,6700300-007,3.2084691524505615
6701900-018,6701900-017,1.7590086460113525
6702300-007,6702300-005,3.6648495197296143
6703700-035,6703700-021,0.4656497836112976
6700800-011,6700800-002,2.5796191692352295
6703300-035,6703300-005,0.6818117499351501
6703700-038,6703700-026,0.23286598920822144
6701200-010,6701600-004,2.24727463722229
6703200-029,6703200-004,0.532427191734314
6700600-008,6700600-006,2.7541327476501465
6702500-001,6702500-002,1.875061273574829
6703100-010,6703100-038,1.4612170457839966
6700800-007,6700800-004,2.584495782852173
6700900-011,6700900-002,3.2473556995391846
6702500-004,6702500-007,4.063268661499023
6703400-010,6703400-022,0.42836859822273254
6703400-029,6703400-035,0.6017282009124756
6702400-001,6702400-006,5.6285176277160645
6702600-004,6702600-003,2.341886281967163
6702800-020,6702800-018,0.9433948397636414
6703700-023,6703700-024,0.24369345605373383
6703700-026,6703700-029,0.4797555208206177
6700800-002,6700800-010,1.7478474378585815
6700900-006,6700900-008,1.9446536302566528
6703100-037,6703100-033,1.1963205337524414
6703200-017,6703200-007,0.8183771967887878
6702300-007,6702500-001,5.9539408683776855
6703500-041,6703500-049,0.8185481429100037
6703400-023,6703500-039,1.1294530630111694
6703500-038,6703400-023,1.0911815166473389
6701500-003,6701200-014,1.7260372638702393
6700100-013,6700100-005,0.6923889517784119
6702500-001,6702600-006,5.9442219734191895
6701600-017,6701600-012,3.1996710300445557
6700100-015,6700100-014,0.7637873291969299
6700300-021,6700300-011,3.8621060848236084
6701900-006,6702100-001,2.1105575561523438
6703600-001,6703500-036,3.1418652534484863
6701400-004,6701400-006,2.490865707397461
6700700-029,6700700-006,1.572759747505188
6701600-013,6701600-014,1.187902808189392
6703300-004,6703300-008,0.5231078863143921
6703300-023,6703300-021,1.748653769493103
6700900-003,6701000-004,2.3977761268615723
6701900-021,6701900-018,2.43733286857605
6703200-040,6703200-004,0.48394933342933655
6700300-017,6700300-013,2.9019992351531982
6702000-003,6702000-002,1.1815308332443237
6700400-006,6700100-006,1.7290154695510864
6703300-016,6703300-018,1.7239816188812256
6700100-001,6700100-008,0.4560767114162445
6702100-004,6702100-001,2.418329954147339
6700400-004,6700400-003,0.886033296585083
6700700-014,6700700-004,1.5925250053405762
6703500-023,6701400-010,2.634894371032715
6703600-008,6703600-001,1.4645400047302246
6700600-014,6700600-012,5.56516170501709
6700700-017,6700700-009,1.9423168897628784
6701700-002,6701700-012,5.729384899139404
6700100-015,6700100-027,1.4634138345718384
6700300-021,6700300-024,2.457735300064087
6703400-037,6703700-005,0.560761034488678
6703200-038,6703700-007,0.5615991950035095
6702600-010,6702600-009,2.7396485805511475
6700700-009,6700700-010,1.8501380681991577
6703300-004,6703300-021,1.1403720378875732
6700700-012,6700700-015,1.479836344718933
6702200-003,6701100-003,2.1609957218170166
6700700-002,6700700-007,1.2229037284851074
6703300-038,6703300-019,1.0650749206542969
6700700-021,6700700-020,1.9749583005905151
6700700-005,6700700-012,1.9841543436050415
6700700-024,6700700-025,1.421921968460083
6701000-009,6701000-007,1.7284963130950928
6701800-018,6701800-003,2.795546293258667
6703000-003,6703000-006,3.192963123321533
6703500-037,6703500-010,1.5897396802902222
6701200-021,6700700-020,1.6159013509750366
6703500-040,6703500-015,1.5862959623336792
6703700-034,6703600-015,0.5806499123573303
6702100-014,6701400-002,1.6177690029144287
6703100-004,6703100-003,1.3687227964401245
6702900-012,6703000-003,3.067566156387329
6703100-007,6703100-008,0.9703262448310852
6701000-004,6701000-013,3.4296040534973145
6700500-021,6700500-003,2.991056442260742
6700300-016,6700500-006,2.9638633728027344
6700500-020,6700500-007,3.1366827487945557
6701500-009,6701500-014,2.7936861515045166
6700700-004,6700700-029,1.5889790058135986
6703400-001,6703400-002,0.37420156598091125
6700400-007,6700400-004,1.5652698278427124
6700400-010,6700400-009,1.3549591302871704
6703400-013,6703400-012,0.2035405933856964
6700500-006,6700500-001,2.1584503650665283
6703100-034,6703400-001,0.6192353963851929
6701900-009,6701900-010,1.6153268814086914
6702400-007,6702400-001,1.072290301322937
6702900-002,6702800-008,1.758286476135254
6703500-032,6703500-029,2.59733510017395
6703700-010,6703700-006,0.26315414905548096
6701900-002,6701900-007,1.4508823156356812
6703400-031,6703400-002,0.1821601539850235
6703500-025,6703500-026,1.4418344497680664
6700500-001,6700500-007,1.7891733646392822
6703200-036,6703700-014,0.655971109867096
6703500-028,6703500-031,4.505500793457031
6703100-001,6703100-031,0.41545379161834717
6700700-027,6700700-026,1.3469494581222534
6702800-018,6702800-014,1.5858877897262573
6703100-017,6703100-012,0.7251964211463928
6703400-020,6703400-028,0.6048563122749329
6703500-018,6703500-023,2.5770857334136963
6702600-002,6702200-005,2.986661434173584
6700500-010,6700200-010,2.30552339553833
6700600-013,6702400-004,5.789167404174805
6701200-003,6701200-004,1.3412132263183594
6703700-003,6703300-006,0.4039434790611267
6703400-043,6703700-024,1.082409381866455
6703700-024,6703400-026,1.2550945281982422
6703700-029,6703700-032,0.349714994430542
6700800-005,6700800-013,2.2587623596191406
6701200-015,6701200-014,0.7292772531509399
6700300-020,6700300-003,2.1449930667877197
6703400-008,6703400-031,0.7369778752326965
6703100-024,6703100-028,0.8217662572860718
6701600-008,6701600-005,1.9754924774169922
6700400-003,6700900-009,1.8765339851379395
6701600-011,6701600-010,1.4961528778076172
6703400-023,6703400-016,0.6605771780014038
6703400-028,6703700-022,0.621146559715271
6700500-019,6700500-010,2.404750347137451
6701600-001,6701600-002,1.0709360837936401
6701700-005,6701700-002,5.267341613769531
6700300-005,6700300-001,1.9222242832183838
6703700-017,6703700-035,0.5814543962478638
6700200-014,6700200-018,1.702756643295288
6703400-038,6703400-031,0.5498978495597839
6700300-008,6700300-006,2.667097330093384
6701900-015,6701900-016,1.496077537536621
6703100-028,6703100-039,0.7245284914970398
6700100-011,6700100-014,1.4734493494033813
6700300-001,6700300-003,1.3344929218292236
6702000-006,6702000-005,2.72794771194458
6702600-006,6702500-005,6.100632190704346
6702400-003,6700600-013,6.281219959259033
6700300-019,6700300-020,4.3874192237854
6703200-026,6703200-003,0.4866671562194824
6703500-031,6703500-032,3.492692470550537
6703500-050,6703500-045,1.2968261241912842
6700700-008,6700700-002,0.9356837272644043
6702600-008,6702600-005,3.952822208404541
6700900-008,6700900-001,2.8839683532714844
6703500-002,6703500-004,0.9921749830245972
6700300-015,6700300-022,3.20854115486145
6702000-001,6702000-011,2.1197855472564697
6702600-001,6702600-002,1.9418941736221313
6701700-008,6701600-008,2.9423987865448
6703600-010,6703600-008,1.3706145286560059
6701300-007,6701300-002,1.4135535955429077
6703200-014,6703200-006,0.5739573240280151
6703300-029,6703300-012,1.2485381364822388
6700100-014,6700100-002,0.7426776885986328
6703600-006,6703600-010,1.4986122846603394
6702900-007,6702900-010,1.505160927772522
6700500-005,6700300-017,2.2763478755950928
6701400-005,6701400-003,2.198570728302002
6701500-012,6701500-004,1.8499152660369873
6702900-003,6702900-012,2.957695722579956
6703200-033,6702700-013,0.37862542271614075
6701100-001,6701100-006,3.1063232421875
6703700-037,6703700-003,0.5061191916465759
6701400-001,6701400-005,2.5003576278686523
6703300-017,6703300-015,1.8706014156341553
6700200-011,6700200-002,1.2249634265899658
6703700-034,6703400-043,1.0155242681503296
6703300-039,6703300-033,0.8775131702423096
6700100-024,6700100-023,2.125544548034668
6703100-018,6701800-009,1.6089211702346802
6703200-014,6703200-019,0.37924644351005554
6703200-033,6703200-032,1.3425270318984985
6700100-014,6700100-015,0.7637873291969299
6703300-032,6703300-030,1.4322385787963867
6700200-007,6700200-004,0.5478800535202026
6701700-003,6701700-009,2.92360782623291
6701600-012,6701500-001,2.4341070652008057
6703500-012,6703500-008,1.1880784034729004
6700400-001,6700400-002,0.6187335252761841
6700500-007,6700500-002,1.6115444898605347
6700700-011,6700700-003,0.7879171967506409
6701500-012,6701500-017,3.3629393577575684
6702600-003,6701800-017,4.926286697387695
6702800-021,6702800-004,0.4329102337360382
6701800-002,6701800-006,1.8398284912109375
6703400-004,6703400-005,0.7287724018096924
6703100-020,6703100-002,1.1378535032272339
6700200-002,6700200-010,2.87526798248291
6700300-018,6700300-023,2.425654172897339
6700400-013,6700400-012,2.6487817764282227
6700700-023,6700700-013,1.5498688220977783
6700700-007,6700700-005,1.0515035390853882
6703500-023,6703500-022,1.4001092910766602
6702600-007,6702600-008,3.260502576828003
6700100-021,6700200-002,1.85639226436615
6703500-016,6703500-019,2.53607439994812
6702300-004,6702300-006,4.235429286956787
6702700-009,6702700-008,1.7822986841201782
6700700-018,6700700-019,1.1322776079177856
6700800-008,6700800-003,2.2946274280548096
6702800-009,6702800-007,0.7284349203109741
6703300-012,6703300-034,0.8735502362251282
6703100-027,6703100-018,1.2963671684265137
6702800-002,6702800-004,2.4185550212860107
6702800-005,6702800-009,0.8406700491905212
6701500-019,6703500-026,2.65804386138916
6702000-005,6701900-005,2.628169059753418
6703700-008,6703700-015,0.3427087962627411
6702200-005,6701100-009,3.7965011596679688
6703400-034,6703700-017,0.6177406907081604
6701500-011,6701500-007,4.9959716796875
6703400-014,6703100-011,0.5280262231826782
6700200-017,6700200-008,2.585813522338867
6701200-018,6701500-015,2.6985507011413574
6701200-009,6701200-012,1.6248784065246582
6703100-015,6703100-021,1.4418686628341675
6703200-020,6703200-025,0.8931678533554077
6700200-010,6700200-005,3.124124526977539
6701600-002,6701600-003,1.084926724433899
6701800-012,6701800-010,1.1457806825637817
6701900-011,6701900-003,2.40148663520813
6702800-009,6702800-020,1.7336950302124023
6703200-032,6703200-035,0.5858048796653748
6701200-004,6701200-018,2.392270803451538
6703700-014,6703200-036,0.655971109867096
6701600-014,6701600-013,1.187902808189392
6703300-005,6703300-007,0.5736004710197449
6701900-007,6701900-005,2.205045700073242
6703400-010,6703400-011,0.2770072817802429
6700200-005,6700200-011,1.1383997201919556
6703100-022,6703100-037,1.2862480878829956
6700100-002,6700100-007,0.668950080871582
6703400-003,6703400-008,0.6194216012954712
6701600-004,6701200-010,2.24727463722229
6703400-022,6703400-021,0.4559714198112488
6701900-018,6701900-019,1.8395377397537231
6700500-017,6700500-019,3.7224884033203125
6703700-035,6703700-023,0.3720778226852417
6700600-015,6700600-011,4.5880208015441895
6703300-035,6703300-007,0.9126213192939758
6703400-042,6703500-041,1.1368941068649292
6701200-010,6701600-006,2.2757019996643066
6703400-033,6703400-035,0.6269120573997498
6703500-034,6703500-035,2.190065383911133
6702500-001,6702500-004,3.8966801166534424
6700700-022,6701200-021,1.805802822113037
6702800-008,6702800-010,2.521350145339966
6701000-012,6701900-017,2.0454483032226562
6700900-010,6700900-008,2.490246534347534
6703100-003,6703100-037,1.5093309879302979
6701600-013,6701600-003,2.8474886417388916
6700900-003,6700900-005,0.9624261260032654
6701000-010,6701000-006,2.1955060958862305
6700800-002,6700800-012,1.6778340339660645
6701300-010,6701300-005,2.272235870361328
6701600-006,6701300-011,1.6116154193878174
6703500-041,6703500-051,0.9356186389923096
6702300-006,6702500-007,2.346712589263916
6701500-006,6701600-016,3.4614477157592773
6700300-012,6700600-014,5.267932891845703
6702100-015,6701400-001,2.2428653240203857
6703100-030,6703100-032,0.7986434102058411
6703100-033,6703100-037,1.1963205337524414
6700900-001,6701000-004,2.9961862564086914
6701300-005,6701300-011,1.8849600553512573
6701600-017,6701600-014,3.871619701385498
6702800-008,6702900-002,1.758286476135254
6700600-005,6700300-010,3.7822458744049072
6701700-002,6701700-001,3.0813257694244385
6701800-008,6701800-001,0.6103807687759399
6703300-011,6703300-013,0.6520626544952393
6703300-030,6703300-026,0.6138427257537842
6702100-015,6702100-004,1.7579786777496338
6701600-013,6701600-016,2.4643545150756836
6701700-008,6701300-003,3.28110933303833
6701900-021,6701900-020,1.4826234579086304
6703400-002,6703400-038,0.3689461946487427
6700300-017,6700300-015,1.5778133869171143
6703300-027,6703600-009,0.8085763454437256
6702000-003,6702000-004,2.179910182952881
6703500-003,6703500-001,1.7615214586257935
6703600-012,6703600-001,1.3014845848083496
6703600-015,6703600-006,0.5391228795051575
6700700-005,6700700-001,0.8076333403587341
6702100-004,6702100-003,1.218778133392334
6703500-015,6703500-011,1.6659517288208008
6700400-004,6700400-005,3.166311740875244
6703200-035,6703200-012,0.6715672016143799
6702100-003,6702100-007,2.5339808464050293
6703600-008,6703600-003,0.684929609298706
6702700-007,6702700-004,2.026191473007202
6702900-012,6702900-008,1.913622498512268
6703300-030,6703300-039,0.4534175992012024
6703400-004,6703200-023,0.7651879191398621
6701100-010,6701100-002,2.9693498611450195
6700600-007,6700400-008,2.6963882446289062
6703000-008,6703000-002,4.889845371246338
6703000-007,6703000-006,3.6945736408233643
6703500-003,6703500-014,2.544370651245117
6702200-003,6701100-005,2.2283852100372314
6702100-010,6703500-001,1.9512519836425781
6700700-002,6700700-009,1.1764675378799438
6703600-012,6703600-014,1.0128512382507324
6700700-005,6700700-014,1.9807320833206177
6700700-024,6700700-027,1.9779865741729736
6703300-015,6703300-037,2.6140053272247314
6703000-003,6703000-008,4.792043209075928
6703100-014,6703100-013,1.5952184200286865
6701200-021,6700700-022,1.805802822113037
6703700-029,6703300-035,0.8535357117652893
6703400-013,6703400-001,0.5070244669914246
6703200-011,6703200-018,0.3643767237663269
6703200-030,6703200-031,0.28647270798683167
6701500-016,6701500-019,2.96396803855896
6701800-006,6701800-008,0.2946484386920929
6700500-020,6700500-009,1.6616517305374146
6700200-015,6700200-017,1.4604616165161133
6700400-010,6700400-011,2.1625258922576904
6702400-004,6701100-008,6.016480922698975
6703700-015,6703700-002,0.5582639575004578
6703200-015,6703200-029,0.6164980530738831
6703200-034,6703200-042,0.6779388189315796
6702800-011,6702700-018,5.217865467071533
6703400-013,6703400-014,0.33072829246520996
6701100-005,6702200-001,2.3321480751037598
6700500-006,6700500-003,3.110783338546753
6701900-009,6701900-012,1.085070252418518
6703200-003,6702700-013,0.955390214920044
6703100-006,6703100-027,1.7730704545974731
6702400-007,6702400-003,5.134624004364014
6703500-032,6703500-031,3.492692470550537
6703700-019,6703200-021,0.5532560348510742
6702800-007,6702800-002,2.228997230529785
6700800-005,6700800-002,1.99250328540802
6703500-025,6703500-028,2.686231851577759
6701400-002,6701500-016,2.5650782585144043
6703500-028,6703500-033,2.5926871299743652
6703100-001,6703100-033,1.5865962505340576
6700700-027,6700700-028,1.8982443809509277
6701800-013,6702800-016,2.4008545875549316
6703400-042,6703400-018,0.7417528629302979
6703100-017,6703100-014,0.888093113899231
6702600-002,6702200-007,3.7029716968536377
6701200-010,6701200-009,1.549108624458313
6701300-008,6701300-001,2.7835373878479004
6702300-005,6702400-006,3.4218180179595947
6703700-014,6703700-019,0.25829029083251953
6702800-014,6702800-018,1.5858877897262573
6703400-019,6703400-007,0.5592015981674194
6701200-003,6701200-006,2.4364583492279053
6703200-008,6703200-002,0.5092884302139282
6701500-020,6701500-016,2.9091100692749023
6703300-026,6703300-013,0.604611873626709
6701800-017,6702900-006,4.070374488830566
6703700-024,6703400-028,0.5448659062385559
6700800-005,6700800-015,1.362195372581482
6702800-006,6702800-019,0.74892657995224
6700600-003,6700300-006,2.7028257846832275
6701600-018,6701600-015,3.9489657878875732
6701900-008,6701900-002,2.2109296321868896
6702400-006,6702300-003,5.650645732879639
6703200-045,6703200-042,0.5268164277076721
6701600-008,6701600-007,0.8032666444778442
6701700-009,6701700-002,5.475246906280518
6703400-038,6703100-035,0.4484873414039612
6701600-011,6701600-012,1.8529164791107178
6703700-021,6703700-035,0.4656497836112976
6700100-006,6700100-009,1.5825729370117188
6703100-017,6703100-027,1.8378018140792847
6703400-028,6703700-024,0.5448659062385559
6700200-021,6700200-023,1.8489930629730225
6701600-001,6701600-004,1.2267705202102661
6703500-020,6703500-047,1.4554542303085327
6700400-009,6700600-007,1.6550143957138062
6703300-014,6703300-016,1.4768867492675781
6703700-026,6703300-005,0.5254766345024109
6700300-005,6700300-003,2.9194576740264893
6701900-015,6701900-018,1.6984251737594604
6702500-006,6702500-002,4.837142467498779
6700600-012,6700600-010,3.414902448654175
6702000-006,6702000-007,1.7561721801757812
6703400-030,6703400-034,0.49149537086486816
6703100-005,6703100-030,1.3692888021469116
6700300-019,6700300-022,3.936635971069336
6700300-003,6700300-014,2.5954251289367676
6700700-008,6700700-004,1.231947422027588
6702600-008,6702600-007,3.260502576828003
6700900-008,6700900-003,3.3313217163085938
6702900-003,6702900-001,0.914043664932251
6701700-006,6701300-012,3.1262240409851074
6703000-006,6702900-014,4.465943813323975
6701300-011,6701300-002,1.0429539680480957
6703500-043,6703500-044,0.4839223623275757
6700300-015,6700300-024,3.0504705905914307
6701900-003,6701900-021,2.3755130767822266
6702600-001,6702600-004,3.2872314453125
6701700-008,6701600-010,2.5893402099609375
6702700-010,6702700-007,2.185410976409912
6701300-007,6701300-004,3.0137879848480225
6703600-003,6703600-007,1.0514823198318481
6703300-029,6703300-014,1.4386743307113647
6700100-014,6700100-004,0.665549099445343
6702500-006,6702600-006,3.4290430545806885
6702900-007,6702900-012,1.5921947956085205
6702200-001,6702000-008,2.842813730239868
6703300-009,6703300-035,0.7888960838317871
6700100-015,6700400-006,1.413313865661621
6700600-002,6700300-009,3.352400064468384
6703200-041,6703200-003,0.6121640205383301
6702600-010,6703000-001,3.5841431617736816
6701500-005,6701500-003,2.1207728385925293
6701700-008,6701700-005,2.5542678833007812
6703300-036,6703300-030,1.5376226902008057
6700100-021,6700100-020,1.3548318147659302
6700200-011,6700200-004,0.9555759429931641
6703100-032,6703100-001,0.49373212456703186
6700100-005,6700100-012,0.7160322666168213
6700100-024,6700100-025,0.9509301781654358
6702800-016,6702900-016,2.8362302780151367
6700100-014,6700100-017,2.3319356441497803
6701800-009,6701800-011,1.576314926147461
6703200-016,6703300-022,0.9936497211456299
6703300-031,6703300-036,1.3275859355926514
6701600-012,6701500-003,2.577932119369507
6703100-027,6703100-007,1.4286177158355713
6702100-001,6702100-002,1.1283010244369507
6703500-012,6703500-010,1.4536012411117554
6700400-001,6700400-004,1.780661702156067
6700700-011,6700700-005,1.0411007404327393
6702600-003,6701800-019,4.849201202392578
6702800-021,6702800-006,0.998873770236969
6701800-002,6701800-008,2.067417621612549
6701900-009,6700700-024,1.6832112073898315
6700900-002,6700400-012,2.4403836727142334
6700100-012,6700100-028,1.518811821937561
6700200-002,6700200-012,1.5578378438949585
6701200-016,6701200-004,1.3873542547225952
6703500-023,6703500-024,1.2636332511901855
6702600-007,6702600-010,5.214939594268799
6703200-021,6703200-037,0.6051639318466187
6702700-002,6703100-015,1.5997467041015625
6700700-025,6700700-024,1.421921968460083
6701000-013,6701000-011,4.328932762145996
6703500-016,6703500-021,2.707501173019409
6702700-009,6702700-010,0.8667242527008057
6700700-018,6700700-021,2.0710856914520264
6700600-006,6700400-009,3.6588118076324463
6703300-012,6703300-036,1.8420064449310303
6703100-008,6703100-007,0.9703262448310852
6703000-002,6701800-017,2.3073906898498535
6703200-009,6703200-040,0.6603631973266602
6701200-013,6701200-012,1.4333490133285522
6701200-016,6701200-017,1.6473411321640015
6701500-011,6701500-009,2.624864339828491
6703100-022,6703100-026,0.898063063621521
6703700-001,6703700-014,0.2560083866119385
6703400-022,6703400-010,0.42836859822273254
6703100-038,6703100-007,1.897864580154419
6701500-004,6701200-015,2.0442705154418945
6703200-039,6703200-040,0.6891102194786072
6701600-002,6701600-005,1.6515944004058838
6703100-017,6701800-014,2.1535756587982178
6703400-014,6703400-011,0.7073817849159241
6702500-002,6702300-006,4.931480407714844
6703400-017,6703400-016,0.5201888680458069
6703400-041,6703700-035,0.8201051354408264
6701900-004,6701900-002,1.0958807468414307
6703100-028,6703200-044,1.2264912128448486
6703700-008,6703700-030,0.40559133887290955
6700200-005,6700200-013,2.232788562774658
6700600-001,6700500-015,2.606459617614746
6701900-006,6701900-011,1.639644742012024
6703100-036,6703500-037,0.8260597586631775
6702700-006,6702800-020,1.7422358989715576
6702200-002,6702200-006,3.486610174179077
6703100-022,6703100-039,0.6195463538169861
6702400-004,6702400-002,6.4351301193237305
6702800-020,6702800-009,1.7336950302124023
6703400-003,6703400-010,0.45877784490585327
6701900-018,6701900-021,2.43733286857605
6702300-007,6702300-009,3.9962339401245117
6703500-041,6703500-040,0.3577214479446411
6700500-017,6700500-021,2.0555853843688965
6703200-020,6703200-040,0.6240734457969666
6700600-015,6700600-013,4.415090560913086
6700800-011,6700800-006,2.421196699142456
6701000-003,6700900-004,1.2675151824951172
6702500-008,6702500-009,11.233661651611328
6703300-035,6703300-009,0.7888960838317871
6703500-033,6701500-021,2.1121931076049805
6703400-014,6703400-024,0.9034555554389954
6702900-013,6702900-007,4.0046539306640625
6702500-001,6702500-006,3.0224616527557373
6703200-012,6703200-041,0.9160769581794739
6700400-012,6700900-007,3.219876527786255
6700800-007,6700800-008,1.7059438228607178
6703500-026,6701500-018,2.8544557094573975
6702900-006,6702900-004,2.2659873962402344
6701000-012,6701900-019,2.5121264457702637
6700800-006,6700800-012,2.173269748687744
6703600-003,6703700-034,0.7196718454360962
6703700-023,6703700-028,0.6266537308692932
6700100-008,6700100-002,1.0364742279052734
6700900-003,6700900-007,2.695319652557373
6700100-027,6700100-015,1.4634138345718384
6701700-013,6701700-004,3.428534984588623
6703400-002,6703400-027,0.5498750805854797
6701300-010,6701300-007,2.919306993484497
6702900-001,6702900-010,1.5370012521743774
6703400-021,6703400-040,0.9055687785148621
6700500-012,6700100-010,2.4631927013397217
6700100-020,6700100-012,1.6388587951660156
6701600-005,6701600-006,1.8861558437347412
6701700-006,6701700-001,4.872771739959717
6702100-015,6701400-003,1.509109377861023
6702300-009,6702600-005,2.9309792518615723
6703300-034,6703300-026,0.9680933356285095
6702900-013,6703000-004,3.392650842666626
6701200-007,6701200-021,1.2827906608581543
6701600-017,6701600-016,1.6000490188598633
6703300-008,6703300-010,0.7496292591094971
6701700-002,6701700-003,2.6439709663391113
6702000-008,6701900-021,3.3065569400787354
6703400-027,6703100-035,0.6593501567840576
6702100-015,6702100-006,1.9785066843032837
6702800-010,6702900-013,3.6882383823394775
6702000-010,6702000-009,2.4062204360961914
6702000-003,6702000-006,2.7287940979003906
6702100-011,6702100-008,2.01826810836792
6703600-012,6703600-003,1.2688312530517578
6703200-042,6703200-017,0.6816906929016113
6703600-015,6703600-008,0.9529860615730286
6700700-005,6700700-003,0.8713187575340271
6700200-016,6700100-018,1.9457720518112183
6702700-014,6702700-009,2.7013192176818848
6703000-003,6702900-013,4.772547721862793
6703100-014,6703100-002,0.8555312752723694
6700400-004,6700400-007,1.5652698278427124
6703200-035,6703200-014,0.9509658217430115
6703700-034,6703600-006,1.100726842880249
6702700-007,6702700-006,1.6924775838851929
6703500-017,6703600-008,1.8751415014266968
6700700-016,6700700-017,1.670094609260559
6703300-011,6703300-028,0.8464718461036682
6702900-012,6702900-010,2.925260543823242
6700500-006,6700300-016,2.9638633728027344
6701100-010,6701100-004,2.671396493911743
6700600-007,6700400-010,3.0091772079467773
6701500-017,6701500-004,2.1339664459228516
6703200-030,6703200-020,0.6942569613456726
6703700-007,6703700-009,0.4568323791027069
6701100-003,6701100-001,2.1836352348327637
6703000-007,6703000-008,1.5556432008743286
6702100-010,6703500-003,1.2154630422592163
6700700-002,6700700-011,0.39953377842903137
6701200-014,6701500-004,2.5008366107940674
6701800-015,6701800-002,1.8679304122924805
6700100-026,6700100-018,2.3431007862091064
6703300-015,6703300-039,1.9342280626296997
6701700-012,6701700-007,3.615373134613037
6703100-014,6703100-015,1.35191011428833
6701500-021,6701500-015,2.781543493270874
6701800-011,6701800-004,1.9904850721359253
6703300-033,6703300-029,1.4333819150924683
6700100-018,6700100-019,1.1379764080047607
6700200-008,6700200-003,1.132454752922058
6703500-014,6703500-003,2.544370651245117
6702700-014,6703200-041,2.010089159011841
6701800-003,6701800-005,1.8536878824234009
6701800-006,6701800-010,1.2826536893844604
6703200-037,6703700-001,0.613877534866333
6700500-020,6700500-011,3.0426700115203857
6703200-023,6703200-030,0.8534664511680603
6702800-018,6702800-005,1.4741394519805908
6701800-018,6701800-020,3.402716636657715
6703100-017,6703100-003,1.5512502193450928
6700200-015,6700200-019,2.517669677734375
6700400-007,6700400-008,2.3008434772491455
6701300-008,6701200-011,2.296192169189453
6700400-010,6700400-013,4.525335311889648
6703200-034,6703200-044,0.8784202337265015
6700500-010,6700200-001,3.1016359329223633
6702800-011,6702800-002,4.49571418762207
6702700-013,6702700-012,1.896012783050537
6701100-005,6702200-003,2.2283852100372314
6702400-007,6702400-005,2.7403318881988525
6703500-032,6703500-033,1.860744833946228
6702800-007,6702800-004,1.408708095550537
6701800-003,6701800-018,2.795546293258667
6700800-005,6700800-004,1.7512072324752808
6703400-031,6703400-006,0.6268909573554993
6701200-015,6701200-005,1.3274141550064087
6702000-006,6701900-004,2.2413976192474365
6701100-009,6701100-007,3.9336559772491455
6702700-001,6703100-016,1.2838246822357178
6703100-024,6703100-019,0.7327502369880676
6701500-023,6703500-030,6.325020790100098
6702900-016,6701800-016,1.8236732482910156
6703500-028,6703500-035,3.091207981109619
6703100-036,6703100-029,1.7410430908203125
6701200-010,6701200-011,0.7876304388046265
6702200-006,6701800-019,3.7155985832214355
6703700-033,6703700-034,1.1115434169769287
6701500-020,6701500-018,1.7884849309921265
6703100-031,6703100-035,0.8118529319763184
6703300-007,6703300-002,0.5879327654838562
6703700-019,6703200-036,0.46689555048942566
6700100-011,6700100-005,0.7834044694900513
6702800-006,6702800-021,0.998873770236969
6701600-018,6701600-017,0.9672114253044128
6700300-019,6700300-011,3.8427586555480957
6703100-024,6703100-032,0.9450101256370544
6702400-006,6702300-005,3.4218180179595947
6701600-008,6701600-009,1.1864502429962158
6701700-009,6701700-004,2.759042978286743
6701600-011,6701600-014,2.479684829711914
6703300-002,6703300-008,0.38042163848876953
6703700-021,6703700-037,0.5398668646812439
6700100-006,6700100-011,0.5506047606468201
6700300-012,6700300-008,5.812819004058838
6700300-015,6700300-013,1.678514003753662
6703300-014,6703300-018,1.6570299863815308
6700200-014,6700200-022,2.5438520908355713
6700300-008,6700300-010,2.5598442554473877
6702800-013,6702900-017,2.252446174621582
6702100-002,6702100-001,1.1283010244369507
6703500-035,6703500-034,2.190065383911133
6702500-006,6702500-004,4.150828838348389
6703500-038,6703500-039,0.5039808750152588
6701600-015,6701700-007,1.60824453830719
6703600-005,6703700-027,0.937530517578125
6703400-030,6703400-036,0.5470114946365356
6700300-019,6700300-024,3.3748443126678467
6703500-050,6703500-049,1.4995741844177246
6700600-005,6700600-009,4.543246269226074
6703300-025,6703300-005,0.5999957323074341
6700700-008,6700700-006,0.7232517004013062
6700100-029,6700100-008,0.706450343132019
6702600-008,6702600-009,3.7301862239837646
6700900-008,6700900-005,3.1522061824798584
6703300-002,6703300-021,0.9027572870254517
6703200-019,6703200-004,0.8143032789230347
6703700-032,6703300-027,0.7489281296730042
6703500-042,6703500-050,0.8590548038482666
6703600-010,6703600-012,1.3396800756454468
6701300-007,6701300-006,1.4759184122085571
6703000-001,6703000-006,4.16364049911499
6703100-034,6703100-036,1.2967137098312378
6703300-029,6703300-016,2.1073575019836426
6700100-014,6700100-006,0.9375032782554626
6700800-008,6700700-010,1.7899203300476074
6702900-007,6702900-014,5.849153995513916
6703100-002,6703100-003,1.0059598684310913
6700700-026,6701400-004,1.8464148044586182
6702900-010,6703000-003,3.058913230895996
6701400-005,6701400-007,2.093196153640747
6700100-010,6700100-008,2.1511471271514893
6701400-008,6701400-012,1.5725648403167725
6703200-028,6703300-021,0.9523231983184814
6703300-024,6703300-022,0.7879060506820679
6701900-009,6700700-013,2.427039623260498
6703200-014,6702700-004,1.4059066772460938
6702900-003,6702900-017,2.617258071899414
6700200-002,6700200-001,1.3754212856292725
6700700-023,6700700-004,1.8518413305282593
6701400-001,6701400-009,2.0644009113311768
6701700-008,6701700-007,3.2075459957122803
6703200-002,6703200-013,0.74705970287323
6703300-017,6703300-019,1.278584599494934
6700200-011,6700200-006,1.3340768814086914
6700100-005,6700100-014,0.7096283435821533
6702100-005,6702100-002,1.6221824884414673
6701700-003,6701700-013,2.776299476623535
6701800-009,6701800-013,1.2710320949554443
6703200-016,6703300-024,0.4099667966365814
6703500-009,6703500-007,0.9088613390922546
6702100-001,6702100-004,2.418329954147339
6701200-020,6701400-007,1.9221426248550415
6701900-019,6701100-002,3.3556201457977295
6700400-001,6700400-006,1.5557150840759277
6700500-007,6700500-006,1.7817660570144653
6702200-003,6702200-005,3.7440240383148193
6702000-002,6701800-011,2.825881004333496
6702700-004,6702700-005,1.581964373588562
6701900-009,6700700-026,2.5810611248016357
6703100-039,6703100-019,0.537494421005249
6703600-009,6703300-027,0.8085763454437256
6700700-007,6700700-009,1.3220179080963135
6701200-015,6701500-001,1.8408734798431396
6702700-016,6702700-015,1.3579118251800537
6700700-006,6700700-013,1.8636679649353027
6700700-025,6700700-026,1.9474244117736816
6701800-011,6703100-006,1.718449354171753
6703300-020,6703300-037,0.6409627795219421
6703500-039,6703500-007,0.6387383341789246
6702100-005,6702100-015,1.7605619430541992
6700100-023,6700200-015,2.1337528228759766
6701500-023,6701500-008,6.19395637512207
6703100-015,6703100-012,1.1408072710037231
6703200-039,6703200-029,0.4489840269088745
6701800-018,6702200-007,2.5778748989105225
6703500-013,6702100-013,2.220080852508545
6703100-008,6703100-009,1.1285746097564697
6701200-001,6701200-004,1.6516858339309692
6703400-041,6703700-024,0.8240876793861389
6700300-002,6700600-001,1.7887256145477295
6702800-005,6702800-013,1.5239726305007935
6700700-013,6700700-029,1.0353362560272217
6701200-013,6701200-014,0.9145869016647339
6702600-004,6702300-009,2.8972251415252686
6703100-022,6703100-028,0.6400906443595886
6703400-022,6703400-012,0.6421937346458435
6700200-017,6700200-012,2.329749584197998
6703100-038,6703100-009,3.0243606567382812
6700500-015,6700500-001,3.238429307937622
6703200-036,6703200-037,0.849134087562561
6702500-009,6702400-001,11.487777709960938
6701500-006,6701500-017,3.7694802284240723
6702700-008,6702800-011,4.742897033691406
6701800-012,6701800-014,2.1111083030700684
6701900-011,6701900-007,1.4013328552246094
6703400-014,6703400-013,0.33072829246520996
6701900-014,6701900-012,2.6590325832366943
6701100-009,6702200-005,3.7965011596679688
6701300-001,6701600-007,1.0572888851165771
6703700-008,6703700-032,0.5665320158004761
6703400-029,6703400-028,0.4015839993953705
6703200-024,6703200-040,0.6421332359313965
6700500-019,6700200-010,3.3912384510040283
6701600-001,6701200-009,1.8156152963638306
6700600-003,6700600-005,1.8615459203720093
6700700-028,6700700-027,1.8982443809509277
6703400-003,6703400-012,0.5247390270233154
6703700-009,6703300-001,0.5215795636177063
6700800-002,6700800-003,1.8102302551269531
6700900-006,6700900-001,1.0524269342422485
6703700-012,6703300-006,0.5657160878181458
6703700-003,6703700-038,0.5253000855445862
6703500-041,6703500-042,0.5586802959442139
6703700-035,6703700-027,0.6333313584327698
6703700-038,6703700-032,0.30699479579925537
6700800-014,6700800-013,1.6298142671585083
6703500-033,6701500-023,6.076611042022705
6702800-015,6702800-017,1.5780377388000488
6703700-023,6703400-018,0.855839729309082
6700500-010,6700500-020,3.350142002105713
6703200-013,6703200-002,0.74705970287323
6702700-015,6703300-019,3.397782802581787
6701300-005,6701300-002,0.8710603713989258
6702500-001,6702500-008,7.5466814041137695
6703500-026,6701500-020,1.6062207221984863
6700600-005,6700300-001,3.478435516357422
6701500-015,6701200-017,1.8833225965499878
6700300-021,6700300-004,3.008906126022339
6701200-019,6701200-020,1.622312307357788
6703400-009,6703400-032,0.49617716670036316
6703300-004,6703300-001,0.7752636075019836
6703400-039,6703100-034,0.7793735265731812
6700100-027,6700100-017,1.4890059232711792
6700300-014,6700300-001,2.5098800659179688
6700900-006,6701000-002,2.2815277576446533
6703200-017,6703200-013,1.1208267211914062
6701600-005,6701600-008,1.9754924774169922
6701700-006,6701700-003,2.7917771339416504
6701400-004,6702100-002,2.106675863265991
6703200-035,6703200-003,0.8972686529159546
6701600-017,6701600-018,0.9672114253044128
6701700-002,6701700-005,5.267341613769531
6700100-015,6700100-020,1.17426598072052
6703100-026,6703100-001,0.9128341674804688
6702000-007,6702000-006,1.7561721801757812
6702100-015,6702100-008,1.9625637531280518
6702000-010,6702000-011,1.7409734725952148
6703200-005,6703200-016,0.7784963846206665
6703500-051,6703500-046,1.009516716003418
6702100-011,6702100-010,1.3852041959762573
6700400-006,6700100-012,0.9245322942733765
6703500-003,6703500-005,0.7471915483474731
6700300-016,6700300-023,3.198859930038452
6703700-034,6703600-008,1.051215410232544
6702100-006,6702100-016,1.3650299310684204
6703300-008,6703300-025,0.4209921360015869
6702700-007,6702700-008,1.9483786821365356
6703600-007,6703600-011,0.9673168659210205
6700700-016,6700700-019,2.448847770690918
6703300-011,6703300-030,0.6759620308876038
6703400-004,6703200-027,0.6270221471786499
6701100-010,6701100-006,1.4485797882080078
6703700-027,6703600-005,0.937530517578125
6701500-017,6701500-006,3.7694802284240723
6703200-030,6703200-022,0.8981627225875854
6700700-009,6700700-016,0.9695912003517151
6703700-004,6703700-006,0.6796490550041199
6703700-007,6703700-011,0.3190555274486542
6702100-010,6703500-005,1.9594037532806396
6701700-012,6701700-009,3.287278890609741
6703100-036,6703100-005,1.0332293510437012
6702600-007,6703000-002,4.294586658477783
6700500-016,6700500-002,3.7098190784454346
6700200-008,6700200-005,1.257051944732666
6703500-014,6703500-005,2.012352228164673
6703200-003,6702700-004,1.3935847282409668
6703100-006,6703100-018,1.8090797662734985
6702400-007,6702300-004,5.306267261505127
6703400-020,6703700-020,0.6981096863746643
6700200-001,6700200-002,1.3754212856292725
6701800-003,6701800-007,1.8471734523773193
6701800-006,6701800-012,0.6584492921829224
6702100-014,6702100-011,2.4749574661254883
6702300-010,6702300-001,2.938788890838623
6703500-028,6703500-024,2.7465827465057373
6700500-004,6700500-005,1.899919867515564
6703400-020,6703400-021,0.736668050289154
6700200-015,6700200-021,2.985006093978882
6700400-007,6700400-010,3.0043704509735107
6702300-005,6702300-007,3.6648495197296143
6703700-033,6703700-023,0.9731204509735107
6702700-013,6702700-014,0.9469472169876099
6703700-017,6703700-015,0.48790594935417175
6700800-012,6700800-009,2.6418964862823486
6700600-010,6700400-013,4.411932468414307
6703100-028,6703100-019,0.27662554383277893
6703500-013,6703500-022,1.2839759588241577
6700500-008,6700500-016,2.3431012630462646
6703400-023,6703100-011,0.6887490153312683
6703700-010,6703700-012,0.2802760899066925
6700500-011,6700500-021,2.333346366882324
6701800-003,6701800-020,3.780078411102295
6700800-005,6700800-006,1.0310015678405762
6703500-002,6703100-029,1.5422009229660034
6700700-020,6701200-021,1.6159013509750366
6703400-031,6703400-008,0.7369778752326965
6703100-021,6703100-016,0.7487494349479675
6702700-013,6703200-033,0.37862542271614075
6703100-024,6703100-021,1.1809234619140625
6701500-023,6703500-032,4.377932071685791
6701200-017,6701200-016,1.6473411321640015
6703100-001,6703100-037,1.269117832183838
6701600-011,6701600-003,1.428412675857544
6702800-018,6702800-020,0.9433948397636414
6701900-020,6701900-003,3.006894111633301
6703200-006,6703200-041,0.7240321636199951
6703100-017,6703100-018,1.808260202407837
6701300-008,6701300-005,1.999556064605713
6703200-040,6703200-039,0.6891102194786072
6700100-025,6700800-014,2.1209325790405273
6703300-007,6703300-004,0.4236822724342346
6700100-011,6700100-007,1.1079695224761963
6701600-015,6701600-014,2.5378220081329346
6701900-008,6701900-006,0.7281420826911926
6703400-019,6703100-026,0.5940651297569275
6703400-023,6703400-022,0.6407129764556885
6700100-006,6700100-013,0.37408682703971863
6701700-006,6701300-003,3.3089444637298584
6700200-018,6700200-022,2.920537233352661
6700300-012,6700300-010,4.810662269592285
6700700-010,6700800-012,1.9967161417007446
6700500-019,6700500-016,3.7702033519744873
6703300-014,6703300-020,3.093276023864746
6702100-002,6702100-003,0.9277541637420654
6702500-003,6702500-001,3.3287642002105713
6703500-035,6703500-036,1.8322359323501587
6703200-033,6703200-012,0.7666723132133484
6700600-012,6700600-014,5.56516170501709
6702900-007,6702900-003,1.3866499662399292
6702200-001,6701900-020,1.7154306173324585
6702900-010,6702900-008,1.2342660427093506
6703600-008,6703700-034,1.051215410232544
6703100-004,6703100-038,0.8936108946800232
6700600-005,6700600-011,4.084041595458984
6703300-025,6703300-007,0.2650616466999054
6703500-050,6703500-051,0.7570245265960693
6700100-029,6700100-010,1.463309407234192
6700900-008,6700900-007,1.9424062967300415
6702900-003,6702900-005,1.484438419342041
6703400-007,6703400-027,0.6155308485031128
6701100-001,6701000-012,3.1462435722351074
6702300-008,6702500-004,4.1331305503845215
6701700-008,6701600-014,3.1518948078155518
6700600-014,6700300-010,4.957645893096924
6701500-007,6701600-017,4.706752777099609
6703300-039,6703300-026,0.4592065215110779
6701000-007,6701000-009,1.7284963130950928
6702900-014,6703000-003,5.240307331085205
6703400-018,6703400-041,0.6665727496147156
6703000-001,6703000-008,2.8917813301086426
6703300-032,6703300-023,1.5304937362670898
6701700-003,6701700-002,2.6439709663391113
6703000-007,6702600-009,5.3452982902526855
6701500-012,6701500-010,2.094083309173584
6703200-037,6703400-033,0.6114460229873657
6703200-009,6703200-018,0.1883343905210495
6700100-028,6700100-027,0.9487529993057251
6700200-002,6700200-003,0.3287714123725891
6702600-010,6703000-005,6.5665435791015625
6700700-023,6700700-006,1.6364033222198486
6702600-007,6702600-001,3.8695075511932373
6702100-005,6702100-004,0.9784470796585083
6700600-016,6700400-008,1.589522123336792
6703500-019,6703500-017,1.967358112335205
6701100-003,6702200-001,1.420944094657898
6700500-007,6700500-008,1.6276252269744873
6700700-011,6700700-009,0.9263744950294495
6702200-003,6702200-007,2.4706308841705322
6702700-001,6702700-002,0.7030454874038696
6703200-009,6703200-031,0.6410869359970093
6702700-004,6702700-007,2.026191473007202
6702800-005,6702800-002,2.007634401321411
6702000-004,6702100-007,3.02370285987854
6701100-007,6701100-005,4.11470365524292
6701200-015,6701500-003,1.9202326536178589
6701800-020,6701800-002,3.373775005340576
6703700-001,6703700-005,0.4374932646751404
6700700-025,6700700-028,1.5425950288772583
6702700-004,6703200-026,0.9769392609596252
6703100-015,6703100-014,1.35191011428833
6703400-043,6703500-017,1.8323134183883667
6703200-020,6703200-018,0.706356406211853
6702700-008,6702700-018,3.453052043914795
6701800-012,6701800-003,2.371325731277466
6701200-001,6701200-006,1.0213136672973633
6701500-018,6701500-016,1.1209195852279663
6703700-008,6703700-021,0.5648115873336792
6700200-005,6700200-004,0.3229922950267792
6701500-011,6701500-013,2.49067759513855
6703100-003,6703100-017,1.5512502193450928
6703200-024,6703200-029,0.8489313125610352
6702400-004,6702300-003,5.782015323638916
6703200-043,6703200-042,0.7948827743530273
6703700-001,6703700-018,0.48839589953422546
6703300-001,6703300-002,0.8426319360733032
6700200-017,6700200-014,2.314657211303711
6703200-012,6702700-013,1.1357338428497314
6702500-009,6702400-003,7.646854400634766
6701900-011,6701900-009,1.3292465209960938
6703400-014,6703400-015,0.2806459069252014
6701200-001,6701200-019,1.5267027616500854
6703500-034,6703500-028,1.539137840270996
6700500-010,6700500-009,1.753196358680725
6701400-011,6701500-016,1.5347728729248047
6703100-010,6703100-033,1.3983021974563599
6703200-012,6703200-032,0.8577796816825867
6703500-011,6703500-044,1.4750218391418457
6702500-004,6702500-002,4.294304370880127
6702800-008,6702800-003,1.516170859336853
6703400-010,6703400-017,0.3847023844718933
6701200-019,6701200-009,2.0803539752960205
6703100-003,6703100-030,1.6511467695236206
6703500-029,6703500-034,2.287505626678467
6700700-028,6700700-029,2.435424566268921
6700800-002,6700800-005,1.99250328540802
6700900-006,6700900-003,1.3985278606414795
6700800-011,6700800-010,1.1964982748031616
6703100-012,6702800-016,1.7799910306930542
6700800-014,6700800-015,0.9006597995758057
6703100-030,6703100-025,1.322595238685608
6703700-037,6703700-038,0.3853161334991455
6703400-017,6703400-033,0.590634286403656
6703100-033,6703100-030,0.8185929656028748
6701300-005,6701300-004,3.1693408489227295
6700400-012,6700900-011,3.8794262409210205
6701400-004,6701400-001,2.746873617172241
6703100-025,6703100-031,0.8342322707176208
6703400-012,6703400-039,0.6736422181129456
6703300-004,6703300-003,0.8070410490036011
6703400-039,6703100-036,1.204309105873108
6700300-014,6700300-003,2.5954251289367676
6701700-013,6701700-008,3.9787821769714355
6703700-026,6703700-037,0.34114253520965576
6702800-003,6702900-001,1.9004765748977661
6703400-002,6703400-031,0.1821601539850235
6700100-001,6700100-003,0.5008981227874756
6701600-005,6701600-010,1.8944361209869385
6701400-004,6702100-004,2.377431631088257
6703300-015,6703300-017,1.8706014156341553
6701900-017,6701900-015,2.3003151416778564
6702100-006,6702100-005,1.9375550746917725
6703300-030,6703300-032,1.4322385787963867
6700100-015,6700100-022,2.568449020385742
6703400-032,6703400-031,0.7157712578773499
6700300-021,6700300-019,2.538940191268921
6700200-018,6701300-012,3.169355869293213
6700800-009,6701000-007,3.1737358570098877
6702000-007,6702000-008,1.9121814966201782
6703500-042,6703400-042,0.587367057800293
6702000-003,6702000-010,2.6488754749298096
6703300-038,6703300-014,2.1396119594573975
6700600-002,6700600-010,4.406742572784424
6700700-005,6700700-007,1.0515035390853882
6702700-014,6702700-013,0.9469472169876099
6703000-003,6703000-001,3.0749025344848633
6703200-016,6703200-005,0.7784963846206665
6702700-007,6702700-010,2.185410976409912
6702900-012,6702900-014,4.276620864868164
6703300-024,6703200-016,0.4099667966365814
6703100-006,6703100-007,1.1879948377609253
6703400-015,6703400-040,1.0864083766937256
6701500-017,6701500-008,3.579824924468994
6703200-021,6703700-011,0.6669794321060181
6703100-018,6703100-017,1.808260202407837
6703200-023,6703200-021,0.8877935409545898
6701800-015,6701800-006,3.590688943862915
6701700-012,6701700-011,2.155315399169922
6700400-010,6700400-004,3.7433154582977295
6701500-002,6701500-006,4.946874618530273
6700100-005,6700400-006,1.5069252252578735
6700100-018,6700100-023,1.169425129890442
6700200-008,6700200-007,0.7673643827438354
6703200-045,6702700-003,1.8968253135681152
6703300-019,6702700-016,2.0412471294403076
6700900-011,6700400-012,3.8794262409210205
6701800-010,6701800-012,1.1457806825637817
6701900-020,6701100-001,3.184762716293335
6702900-002,6702800-003,1.699051022529602
6700500-008,6700500-005,2.8980815410614014
6703200-011,6703200-024,0.34814825654029846
6700500-011,6700500-010,2.593851089477539
6701900-005,6701900-007,2.205045700073242
6702100-014,6702100-013,1.6308869123458862
6703500-006,6703500-008,1.2940874099731445
6700200-003,6700200-013,2.7285220623016357
6703500-025,6703500-021,2.440305709838867
6700500-001,6700500-002,0.9951782822608948
6703500-028,6703500-026,2.5006940364837646
6701500-009,6701500-022,3.835378408432007
6703100-001,6703100-026,0.9128341674804688
6701200-013,6701600-002,1.5465617179870605
6703200-025,6703200-043,1.0139309167861938
6703500-021,6703500-023,2.006549835205078
6701800-019,6702200-006,3.7155985832214355
6703700-033,6703700-025,0.5834149718284607
6700800-012,6700800-011,1.6104387044906616
6703100-028,6703100-021,0.36881667375564575
6703100-031,6703100-026,0.7670323252677917
6700500-008,6700500-018,3.686074733734131
6703700-028,6703700-031,0.45164263248443604
6701500-013,6701200-015,2.379246950149536
6702700-013,6703200-035,1.1448243856430054
6700500-001,6700500-015,3.238429307937622
6701200-017,6701200-018,1.3478989601135254
6701600-011,6701600-005,1.1717184782028198
6703700-002,6703700-015,0.5582639575004578
6700100-006,6700100-002,0.5361608266830444
6703700-024,6703700-033,0.7483159899711609
6701600-004,6701600-002,1.1051872968673706
6703400-035,6703400-021,0.5447250604629517
6703300-007,6703300-006,0.5824212431907654
6701600-015,6701600-016,1.7352687120437622
6702200-007,6702600-002,3.7029716968536377
6700700-014,6700800-012,2.183229684829712
6703500-031,6703500-027,4.659574031829834
6700300-003,6700300-007,3.100388765335083
6703500-050,6703500-040,0.3581491708755493
6703500-008,6703500-043,0.7331158518791199
6703400-023,6703400-024,0.5234553217887878
6700100-006,6700100-015,1.4563512802124023
6700300-015,6700300-017,1.5778133869171143
6700500-019,6700500-018,2.4808664321899414
6702000-001,6702000-006,1.7420361042022705
6703500-042,6703500-041,0.5586802959442139
6703300-039,6703300-015,1.9342280626296997
6702100-002,6702100-005,1.6221824884414673
6700300-007,6700300-018,2.8844497203826904
6703600-006,6703600-005,0.5772750377655029
6703300-032,6703300-012,1.334388256072998
6703600-005,6703700-031,0.6563817858695984
6703300-009,6703300-028,0.41475027799606323
6703300-022,6703200-012,1.0859109163284302
6700300-003,6700300-020,2.1449930667877197
6703300-025,6703300-009,0.6430355310440063
6702400-005,6702500-009,11.172121047973633
6703300-002,6703300-025,0.7650456428527832
6702900-003,6702900-007,1.3866499662399292
6703000-006,6703000-004,2.2090747356414795
6700200-002,6700100-021,1.85639226436615
6701300-011,6701300-008,1.8245527744293213
6703000-005,6703000-008,3.138678550720215
6700600-014,6700300-012,5.267932891845703
6700800-015,6700900-010,3.418278932571411
6700100-024,6700100-018,2.4822611808776855
6701000-007,6701000-011,2.9587721824645996
6702900-014,6703000-005,6.3438825607299805
6701300-007,6701300-010,2.919306993484497
6703400-018,6703400-043,0.9097056984901428
6700500-014,6700600-016,2.0471062660217285
6701700-003,6701700-004,0.9474494457244873
6703200-032,6703200-004,0.4584368169307709
6701800-016,6702900-016,1.8236732482910156
6702100-005,6701400-003,1.730850100517273
6701800-002,6701800-001,1.760975956916809
6703200-009,6703200-020,0.5785616040229797
6703100-034,6703400-038,0.5426969528198242
6700200-002,6700200-005,0.8105078339576721
6702600-010,6703000-007,4.620193958282471
6701800-004,6701800-010,1.336423635482788
6700400-007,6700100-011,2.162099838256836
6702600-007,6702600-003,2.2142179012298584
6701000-013,6701000-004,3.4296040534973145
6702100-005,6702100-006,1.9375550746917725
6700600-016,6700400-010,3.4297704696655273
6702300-004,6702300-001,2.1291072368621826
6703600-009,6703600-006,0.9636381268501282
6702700-008,6702700-007,1.9483786821365356
6702800-009,6702800-002,1.5510696172714233
6702000-009,6701800-018,1.8907538652420044
6703300-012,6703300-029,1.2485381364822388
6702700-011,6702700-012,2.7287399768829346
6701100-003,6702200-003,2.1609957218170166
6700100-019,6700200-008,1.8124327659606934
6703700-031,6703600-009,1.0225887298583984
6700100-009,6700100-029,0.8623794317245483
6702800-005,6702800-004,0.4347655475139618
6701100-004,6701100-002,2.712728261947632
6702200-005,6701100-004,3.3948862552642822
6702000-004,6702100-009,2.8504087924957275
6703100-022,6703100-019,0.707556962966919
6703200-024,6703200-018,0.5541414022445679
6701200-006,6701200-002,1.5415723323822021
6703200-004,6703200-039,0.5210355520248413
6701200-009,6701200-007,1.8286277055740356
6703100-015,6703100-016,0.7681981921195984
6701200-008,6701200-011,1.5757561922073364
6700800-011,6700700-015,2.334747076034546
6702000-004,6703100-008,2.825697422027588
6702700-008,6702800-002,2.7545268535614014
6701800-012,6701800-005,0.6280038952827454
6703400-033,6703400-017,0.590634286403656
6700700-012,6701900-013,2.6040334701538086
6703400-017,6703400-009,0.31464219093322754
6700200-005,6700200-006,0.44050854444503784
6700200-024,6700200-019,2.160482168197632
6701900-006,6701900-004,2.1616671085357666
6703300-021,6703200-028,0.9523231983184814
6700600-004,6700500-013,2.823167324066162
6703100-022,6703100-032,0.7766409516334534
6702800-015,6701800-016,3.9029576778411865
6703200-043,6703200-044,1.0614924430847168
6702800-020,6702800-002,1.6554388999938965
6703300-001,6703300-004,0.7752636075019836
6700200-017,6700200-016,2.258324146270752
6703400-021,6703400-020,0.736668050289154
6703600-013,6703500-017,0.9803145527839661
6702700-004,6703200-041,1.5926088094711304
6702300-007,6702300-002,3.0507655143737793
6702500-009,6702400-005,11.172121047973633
6703500-022,6703500-020,1.8906357288360596
6700200-019,6700200-025,2.3819515705108643
6702500-008,6702500-002,5.672614574432373
6701600-002,6701600-011,1.977923035621643
6700800-014,6700800-004,1.5409256219863892
6701200-010,6701600-001,2.4728591442108154
6703400-033,6703400-030,0.4516299068927765
6703400-017,6703400-022,0.6462348103523254
6701100-009,6702300-002,4.784736156463623
6700500-010,6700500-011,2.593851089477539
6703500-034,6703500-030,2.5337159633636475
6701400-011,6701500-018,2.5646045207977295
6700800-007,6700800-001,2.5503275394439697
6702300-002,6702300-008,2.5653326511383057
6700800-006,6700800-005,1.0310015678405762
6702400-001,6702400-003,6.172874450683594
6700100-027,6700100-008,1.3099524974822998
6700800-002,6700800-007,2.391594886779785
6700900-006,6700900-005,1.3257150650024414
6702900-001,6702900-003,0.914043664932251
6703100-037,6703100-030,0.42545628547668457
6701500-020,6703500-033,2.530299425125122
6703500-041,6703500-046,1.2818925380706787
6702300-006,6702500-002,4.931480407714844
6703400-042,6703500-049,1.3671075105667114
6702200-007,6702000-009,3.154813051223755
6703100-033,6703100-032,1.4907783269882202
6700900-001,6700900-011,4.32499361038208
6701300-005,6701300-006,2.0403153896331787
6703300-008,6703300-003,0.7287789583206177
6703500-036,6703600-001,3.1418652534484863
6703700-030,6703700-037,0.2681392729282379
6700300-021,6700300-008,3.4014408588409424
6702000-010,6702000-002,1.4954744577407837
6700300-014,6700300-005,1.8814716339111328
6702200-004,6702600-001,3.5922412872314453
6702900-001,6702900-017,2.6840059757232666
6703400-005,6703400-038,0.6991667151451111
6700300-016,6700300-014,2.96635103225708
6703200-001,6703200-009,0.2756410241127014
6702900-017,6702900-001,2.6840059757232666
6700100-003,6700100-014,0.7547687292098999
6700700-014,6700700-001,1.9081063270568848
6702100-003,6702100-002,0.9277541637420654
6700600-014,6700600-009,6.951105117797852
6702100-006,6702100-007,1.2374588251113892
6703500-017,6703600-001,1.3837182521820068
6703500-036,6703600-014,4.0903801918029785
6700700-016,6700700-010,2.347808361053467
6702900-012,6702900-003,2.957695722579956
6703400-032,6703400-033,0.6624922752380371
6701700-001,6701700-013,1.170709252357483
6703200-028,6703200-004,0.8650978207588196
6702000-007,6702000-010,2.3294687271118164
6703200-027,6703200-008,0.5260254740715027
6703500-051,6703500-050,0.7570245265960693
6700600-006,6700600-010,2.5988268852233887
6700700-009,6700700-007,1.3220179080963135
6703700-007,6703700-002,0.5270466804504395
6701900-021,6702000-007,2.3174564838409424
6703300-003,6703300-022,0.9826256036758423
6702800-003,6702900-017,2.2135589122772217
6703000-007,6703000-001,4.398995399475098
6703100-018,6703100-006,1.8090797662734985
6703300-006,6703300-027,0.7160150408744812
6703200-023,6703200-010,0.7413882613182068
6700700-002,6700700-004,0.4103303849697113
6703300-038,6703300-016,1.2082188129425049
6703600-015,6703600-014,1.1797657012939453
6703300-015,6703300-032,2.0119025707244873
6703300-018,6703300-037,1.3689255714416504
6700100-003,6700100-027,0.592860758304596
6701800-009,6703100-006,1.6933283805847168
6703500-037,6703500-007,1.3421660661697388
6701000-011,6701000-013,4.328932762145996
6701500-021,6701500-008,4.818603038787842
6700400-001,6700100-022,2.5927646160125732
6703600-007,6703600-015,0.5641549229621887
6703100-006,6703100-009,2.4955592155456543
6703100-011,6703400-001,1.0164462327957153
6703500-004,6702100-010,2.369133472442627
6701800-006,6701800-003,1.7219626903533936
6701400-002,6701400-010,2.182856798171997
6701500-009,6701500-011,2.624864339828491
6702100-013,6703500-014,1.1398435831069946
6703200-022,6703200-027,0.4406239688396454
6701700-012,6701700-013,1.5579392910003662
6702000-011,6701800-011,1.9723625183105469
6700100-018,6700100-025,1.5992430448532104
6700200-008,6700200-009,1.4748948812484741
6701500-004,6701500-017,2.1339664459228516
6701400-002,6702100-013,2.5128843784332275
6703500-022,6701400-010,2.6728761196136475
6701900-020,6701100-003,2.5701522827148438
6703500-032,6703500-026,3.5575168132781982
6700500-008,6700500-007,1.6276252269744873
6700100-016,6700500-009,3.051952838897705
6700500-011,6700500-012,2.2710986137390137
6700700-015,6700700-013,2.8611068725585938
6701900-002,6701900-004,1.0958807468414307
6703700-010,6703700-003,0.5730909109115601
6703400-036,6703700-005,0.4293043911457062
6702100-014,6702100-015,1.7398055791854858
6703500-006,6703500-010,1.1766760349273682
6703500-025,6703500-023,1.742172122001648
6700500-001,6700500-004,3.193730354309082
6700500-020,6700500-017,1.5876871347427368
6701300-010,6700700-021,3.1255173683166504
6703200-036,6703700-011,0.46244901418685913
6700700-027,6700700-023,2.4392006397247314
6703700-021,6703700-017,0.3205011188983917
6703200-025,6703200-045,0.9235853552818298
6701600-002,6701200-014,2.458343744277954
6703700-024,6703700-022,0.33717647194862366
6702200-002,6701100-003,2.569591760635376
6703700-033,6703700-027,0.89810711145401
6700100-018,6700200-009,2.2006030082702637
6702800-014,6702800-013,1.8526288270950317
6701200-003,6701200-001,1.4227159023284912
6703100-009,6703100-010,2.6918723583221436
6703100-012,6703100-015,1.1408072710037231
6701300-012,6700200-021,3.053992509841919
6700800-005,6700800-010,1.6714692115783691
6703400-031,6703400-012,0.45303982496261597
6700600-003,6700300-001,2.007903575897217
6703100-021,6703100-020,1.0290508270263672
6701500-013,6701200-017,2.0355823040008545
6703100-024,6703100-025,0.4172085225582123
6702700-017,6702800-011,3.5518763065338135
6700600-015,6700300-011,6.562443256378174
6703300-002,6703300-001,0.8426319360733032
6703700-021,6703700-030,0.28782346844673157
6703400-023,6703400-013,0.5633332133293152
6700100-006,6700100-004,0.4794457256793976
6703400-042,6703400-026,0.9339115619659424
6703700-024,6703700-035,0.6155279874801636
6703400-026,6703400-018,0.774355411529541
6700200-021,6700200-018,1.3597290515899658
6701000-008,6700800-010,3.2511861324310303
6700200-014,6700200-015,1.391597867012024
6700300-008,6700300-003,3.277071952819824
6701900-015,6701900-013,2.312734842300415
6700200-024,6701300-009,2.1625688076019287
6702500-003,6702300-009,4.031723976135254
6703500-035,6703500-027,4.028293609619141
6703200-033,6703200-003,0.9207853078842163
6701600-015,6701600-018,3.9489657878875732
6701900-008,6701900-010,1.5390746593475342
6702000-006,6702000-002,2.387836217880249
6703400-011,6703400-016,0.41188982129096985
6702400-006,6702400-001,5.6285176277160645
6703500-031,6703500-029,4.159124374389648
6700300-003,6700300-009,2.3704843521118164
6703500-050,6703500-042,0.8590548038482666
6700600-005,6700600-002,2.398757219314575
6700100-029,6700100-001,1.1625163555145264
6700500-019,6700500-020,2.397561550140381
6701900-003,6701900-016,2.6830151081085205
6702000-001,6702000-008,3.403963565826416
6700700-028,6701200-020,2.235044479370117
6703300-036,6703300-012,1.8420064449310303
6700800-015,6700800-014,0.9006597995758057
6700400-011,6700900-001,3.3750481605529785
6700300-007,6700300-020,2.667271137237549
6703200-014,6703200-003,1.3876856565475464
6703600-003,6703600-002,1.7427383661270142
6700800-003,6700200-024,2.0929834842681885
6703600-006,6703600-007,0.3775453567504883
6703300-032,6703300-014,1.3614130020141602
6703600-005,6703700-033,0.991610586643219
6702800-012,6702800-020,4.022388935089111
6702900-010,6702900-012,2.925260543823242
6703200-007,6703100-039,0.8125495314598083
6702200-004,6702000-008,3.256995677947998
6701000-002,6701000-006,3.038731336593628
6702900-003,6702900-009,1.4350322484970093
6703700-027,6703700-036,0.5254815220832825
6700300-018,6700300-007,2.8844497203826904
6701100-001,6701100-003,2.1836352348327637
6701400-001,6701400-002,2.2787983417510986
6700100-021,6700100-015,1.8982404470443726
6703300-020,6703300-017,1.9990869760513306
6703300-039,6703300-030,0.4534175992012024
6700100-014,6700100-012,0.8882298469543457
6702900-007,6703000-004,4.28208065032959
6701700-003,6701700-006,2.7917771339416504
6701800-009,6701800-006,1.6668438911437988
6703400-036,6703400-035,0.3402918875217438
6701800-011,6702000-011,1.9723625183105469
6702800-002,6702700-006,2.3751378059387207
6702100-005,6701400-005,2.6384477615356445
6702800-021,6702800-001,0.8108662366867065
6703700-022,6703400-043,1.3107447624206543
6703100-006,6701800-009,1.6933283805847168
6703500-005,6703500-002,1.991860270500183
6700200-002,6700200-007,0.27992773056030273
6700300-018,6700300-020,1.51210355758667
6701800-004,6701800-012,1.8447027206420898
6702100-012,6702100-011,1.284340739250183
6700400-007,6700100-013,2.5726401805877686
6700700-007,6700700-002,1.2229037284851074
6703200-020,6703200-009,0.5785616040229797
6700700-018,6700700-016,1.5481575727462769
6702700-008,6702700-009,1.7822986841201782
6702800-009,6702800-004,1.2476087808609009
6703300-012,6703300-031,1.1965041160583496
6700600-008,6700400-013,1.9094723463058472
6703200-032,6703200-019,0.3912147581577301
6701200-004,6701200-002,1.5701234340667725
6702800-002,6702800-001,2.3006553649902344
6703500-011,6703500-022,2.470554828643799
6702800-005,6702800-006,0.8808751702308655
6703600-004,6703600-014,2.2412266731262207
6703700-008,6703700-012,0.5983742475509644
6701100-007,6701100-009,3.9336559772491455
6701500-011,6701500-004,1.9442087411880493
6703100-022,6703100-021,0.933650553226471
6701500-021,6703500-032,3.343599796295166
6703100-038,6703100-002,1.5588157176971436
6701900-018,6701900-003,1.4741097688674927
6702700-018,6702800-012,4.078765869140625
6703400-029,6703700-020,0.2846670150756836
6701900-020,6702200-001,1.7154306173324585
6700200-010,6700200-002,2.87526798248291
6701800-012,6701800-007,0.5260324478149414
6701000-005,6701100-007,4.170644283294678
6700200-012,6700200-011,1.5301934480667114
6703500-034,6703500-019,2.56000018119812
6700300-005,6700500-003,2.84429931640625
6701500-018,6701500-020,1.7884849309921265
6703200-022,6703100-026,0.8350753784179688
6700200-005,6700200-008,1.257051944732666
6700600-004,6700500-015,1.9922163486480713
6702200-002,6702200-001,1.912558674812317
6702800-020,6702800-004,1.526961326599121
6703500-007,6703500-037,1.3421660661697388
6701900-018,6701900-016,2.175621747970581
6703400-021,6703400-022,0.4559714198112488
6703600-013,6703500-019,2.6876559257507324
6702700-004,6703200-043,1.307327151298523
6700500-017,6700500-016,0.9608592987060547
6703700-035,6703700-020,0.33735355734825134
6703700-037,6703700-029,0.5617753267288208
6700400-012,6700900-002,2.4403836727142334
6702300-002,6702300-010,3.5539615154266357
6703300-027,6703300-005,0.44107726216316223
6702500-004,6702500-006,4.150828838348389
6702800-008,6702800-007,1.1102912425994873
6703300-030,6703300-010,0.7920404672622681
6703400-032,6703400-009,0.49617716670036316
6701100-002,6701900-019,3.3556201457977295
6700800-009,6700800-012,2.6418964862823486
6702400-001,6702400-005,2.319953441619873
6703600-006,6703700-034,1.100726842880249
6703100-002,6703100-038,1.5588157176971436
6700900-003,6700900-002,1.1611310243606567
6701900-021,6701900-004,2.0868749618530273
6700800-002,6700800-009,2.903024911880493
6700900-006,6700900-007,1.8873746395111084
6702800-003,6702800-013,1.0154879093170166
6702900-001,6702900-005,1.9846527576446533
6703400-021,6703400-035,0.5447250604629517
6703100-037,6703100-032,0.8318122625350952
6703400-005,6703400-027,0.3954204320907593
6702300-006,6702500-004,4.814688205718994
6703400-023,6703500-038,1.0911815166473389
6700300-012,6700600-011,6.952240467071533
6701500-005,6701600-017,2.7776236534118652
6701500-003,6701200-013,2.077547311782837
6701300-005,6701300-008,1.999556064605713
6703300-011,6703300-010,0.26525866985321045
6701300-007,6701600-006,2.553278684616089
6700800-009,6700900-010,2.566399097442627
6703300-004,6703300-007,0.4236822724342346
6700100-008,6700100-010,2.1511471271514893
6701600-012,6701600-017,3.1996710300445557
6701700-013,6701700-012,1.5579392910003662
6703300-022,6703300-024,0.7879060506820679
6702000-003,6702000-001,1.7442100048065186
6700400-006,6700100-005,1.5069252252578735
6700600-002,6700600-001,1.98784339427948
6700100-006,6700400-007,2.7126896381378174
6701700-006,6701700-009,4.150497913360596
6703600-015,6703600-003,1.0307451486587524
6702900-017,6702900-003,2.617258071899414
6701900-017,6701900-019,1.509024977684021
6700100-003,6700100-016,1.860204815864563
6703000-003,6702900-008,2.155668258666992
6703400-039,6703400-038,0.6611852645874023
6700400-004,6700400-002,1.1874736547470093
6702100-003,6702100-004,1.218778133392334
6700600-014,6700600-011,3.8538284301757812
6703700-034,6703600-001,1.7548980712890625
6702100-006,6702100-009,2.1489768028259277
6703500-017,6703600-003,1.1916718482971191
6703600-007,6703600-004,2.3454673290252686
6701000-004,6700900-011,3.2553367614746094
6701100-001,6702200-001,3.1833322048187256
6702600-010,6702600-008,3.915545701980591
6700600-006,6700600-012,5.549422264099121
6700700-012,6700700-014,1.2745143175125122
6700900-009,6700900-008,2.1275582313537598
6702900-004,6702900-006,2.2659873962402344
6703000-007,6703000-003,5.81350564956665
6700700-002,6700700-006,0.6472200155258179
6703200-042,6703200-025,0.42407679557800293
6703300-038,6703300-018,1.1861218214035034
6700700-005,6700700-011,1.0411007404327393
6700200-016,6700100-026,1.7213878631591797
6701200-013,6701500-003,2.077547311782837
6701700-012,6701700-002,5.729384899139404
6703000-003,6703000-005,5.572009086608887
6703500-037,6703500-009,1.2013123035430908
6702800-017,6703100-013,0.9216957092285156
6703700-034,6703600-014,0.9593654274940491
6701400-007,6701400-006,1.459326148033142
6701400-010,6701400-011,0.8015866279602051
6702000-009,6702200-007,3.154813051223755
6702700-016,6703300-037,3.0400795936584473
6701800-006,6701800-005,0.2452462762594223
6703400-008,6703400-004,0.7335659265518188
6703200-045,6703200-013,1.066941738128662
6701400-002,6701400-012,2.585175037384033
6700100-009,6700400-008,3.1703903675079346
6703200-025,6703200-034,0.8981371521949768
6700200-015,6700200-014,1.391597867012024
6700400-007,6700400-003,2.383425712585449
6700500-013,6700500-003,2.314814329147339
6703100-036,6703100-011,1.0166510343551636
6703400-033,6703200-037,0.6114460229873657
6700400-010,6700400-008,1.95218825340271
6700500-016,6700500-008,2.3431012630462646
6702100-009,6702100-010,1.0976324081420898
6703200-018,6703200-031,0.5049698352813721
6700800-012,6700800-002,1.6778340339660645
6701100-004,6702200-002,2.2734196186065674
6703500-032,6703500-028,3.367105484008789
6701400-004,6700700-026,1.8464148044586182
6701400-009,6701500-016,2.6998140811920166
6700100-016,6700500-011,1.722000002861023
6700500-011,6700500-014,2.918121814727783
6703400-031,6703400-001,0.5308066606521606
6702800-006,6702800-003,0.6970272064208984
6703100-005,6703100-001,0.896551251411438
6702700-013,6703200-026,1.4098862409591675
6700500-001,6700500-006,2.1584503650665283
6703500-028,6703500-030,1.7632161378860474
6703100-001,6703100-030,1.1027684211730957
6700700-027,6700700-025,1.5934600830078125
6702700-017,6702700-018,1.669304370880127
6703400-001,6703400-014,0.5964246988296509
6702200-002,6701100-005,3.066514492034912
6703500-043,6703500-015,1.2052971124649048
6700600-013,6702400-003,6.281219959259033
6703200-040,6703200-032,0.6870700716972351
6703700-014,6703700-016,0.4658101499080658
6703700-017,6703700-021,0.3205011188983917
6703400-019,6703400-004,0.3898320496082306
6700700-013,6701900-012,2.491676092147827
6702800-013,6702800-019,1.5733944177627563
6703100-028,6703100-025,1.0430864095687866
6703100-012,6703100-017,0.7251964211463928
6701300-012,6700200-023,2.120542287826538
6701600-018,6701600-012,4.074726104736328
6703100-021,6703100-022,0.933650553226471
6703700-028,6703700-035,0.6596238017082214
6701500-015,6701500-019,1.2938628196716309
6701600-011,6701600-009,2.1838462352752686
6703700-002,6703700-019,0.27772703766822815
6703300-002,6703300-003,0.41917258501052856
6703400-023,6703400-015,0.2376149594783783
6700200-018,6700200-015,2.671915054321289
6700200-021,6700200-020,2.7448434829711914
6700500-019,6700500-009,2.0514748096466064
6703100-016,6703100-028,1.0830719470977783
6702300-008,6702300-001,2.9293601512908936
6702900-016,6702800-016,2.8362302780151367
6700200-014,6700200-017,2.314657211303711
6703400-037,6703400-034,0.3860357701778412
6703500-035,6703500-029,3.524123191833496
6700500-014,6700500-015,2.4915149211883545
6703100-035,6703400-039,0.5063396096229553
6701900-008,6701900-012,2.185375452041626
6702900-010,6702900-001,1.5370012521743774
6703200-007,6703100-028,0.9602334499359131
6703500-050,6703500-044,1.4566497802734375
6702400-005,6702400-007,2.7403318881988525
6701600-010,6701700-008,2.5893402099609375
6700900-007,6700900-004,3.090695381164551
6701900-003,6701900-018,1.4741097688674927
6702000-001,6702000-010,1.0278444290161133
6703100-019,6703200-007,0.700007975101471
6703600-010,6703600-007,1.3566595315933228
6703100-013,6702800-017,0.9216957092285156
6703500-045,6703500-050,1.2968261241912842
6701000-007,6701000-002,2.638594150543213
6702900-014,6702900-012,4.276620864868164
6701300-007,6701300-001,0.5883322954177856
6703100-034,6703100-031,0.6130994558334351
6700100-014,6700100-001,1.252798080444336
6700400-013,6700900-012,5.938189506530762
6701500-003,6701600-012,2.577932119369507
6702900-007,6702900-009,1.6583631038665771
6703400-011,6703400-031,0.39213013648986816
6703300-022,6703200-016,0.9936497211456299
6701000-002,6701000-008,2.6657252311706543
6701900-010,6702100-002,2.193828582763672
6701300-002,6701300-007,1.4135535955429077
6700100-009,6700100-007,0.8810412287712097
6700100-028,6700100-020,1.5237295627593994
6702900-003,6702900-011,1.8083746433258057
6701100-001,6701100-005,2.176126718521118
6701400-001,6701400-004,2.746873617172241
6700700-026,6702100-002,1.7922453880310059
6703200-002,6703200-008,0.5092884302139282
6703300-017,6703300-014,1.1207671165466309
6700100-021,6700100-017,2.2908458709716797
6701400-005,6702100-005,2.6384477615356445
6703300-020,6703300-019,1.0958462953567505
6703300-039,6703300-032,1.0172905921936035
6701700-010,6701700-011,2.739643096923828
6703700-032,6703700-008,0.5665320158004761
6701800-009,6701800-008,1.3918269872665405
6703500-009,6703500-002,1.722737193107605
6703200-043,6702700-003,1.4968092441558838
6703100-027,6703100-004,1.1064592599868774
6700800-010,6701000-008,3.2511861324310303
6703400-036,6703400-037,0.17924337089061737
6700500-007,6700500-001,1.7891733646392822
6700700-011,6700700-002,0.39953377842903137
6702800-002,6702700-008,2.7545268535614014
6702800-021,6702800-003,1.4703989028930664
6703200-009,6703200-024,0.46925032138824463
6703100-006,6701800-011,1.718449354171753
6703500-005,6703500-004,1.015799641609192
6700300-018,6700300-022,2.8051528930664062
6702100-012,6702100-013,1.3349575996398926
6703500-023,6703500-021,2.006549835205078
6701300-008,6700700-019,2.5321030616760254
6700700-006,6700700-008,0.7232517004013062
6703400-024,6703400-040,0.7882473468780518
6703600-009,6703600-010,1.3256728649139404
6703200-039,6703200-024,0.4002803862094879
6702700-008,6702700-011,2.5823609828948975
6702800-009,6702800-006,1.076971411705017
6703300-012,6703300-033,0.7202944755554199
6703100-008,6703100-004,1.1987253427505493
6703100-027,6703100-017,1.8378018140792847
6700700-013,6700700-024,2.3696484565734863
6701100-004,6701100-006,1.587013840675354
6702100-002,6700700-027,2.7267091274261475
6701000-001,6701000-011,2.532999038696289
6703200-015,6703700-009,0.5152254104614258
6701200-018,6701500-014,2.3874869346618652
6703100-038,6703100-004,0.8936108946800232
6703400-019,6703200-022,0.7599961757659912
6702900-006,6701800-017,4.070374488830566
6701400-010,6703500-023,2.634894371032715
6700300-013,6700500-004,2.430786609649658
6700200-024,6700800-003,2.0929834842681885
6703700-019,6703700-001,0.44670090079307556
6701800-012,6701800-009,1.0330193042755127
6703100-030,6703100-005,1.3692888021469116
6700200-012,6700200-013,1.5604181289672852
6701200-001,6701200-012,2.358330488204956
6703100-033,6703100-010,1.3983021974563599
6703500-034,6703500-021,2.5159645080566406
6702500-001,6702300-007,5.9539408683776855
6703300-005,6703300-006,0.2998110353946686
6703700-030,6703700-015,0.5495375990867615
6700900-010,6700800-009,2.566399097442627
6700200-005,6700200-010,3.124124526977539
6701900-006,6701900-008,0.7281420826911926
6701200-019,6701200-002,1.689744472503662
6702400-001,6702300-004,4.698441982269287
6702200-002,6702200-003,1.3448938131332397
6703500-029,6703500-027,0.570726752281189
6700700-028,6700700-022,1.9061450958251953
6703400-002,6703400-011,0.5314462184906006
6701600-003,6701200-013,1.721917748451233
6702300-007,6702300-006,2.7778549194335938
6703500-022,6703500-024,2.55338978767395
6700500-017,6700500-018,1.7073838710784912
6703400-029,6703700-035,0.3954085111618042
6700600-015,6700600-010,6.738166809082031
6703400-042,6703500-040,1.0311453342437744
6703700-019,6703700-014,0.25829029083251953
6703200-019,6703200-041,0.7102561593055725
6703700-037,6703700-031,0.7723264098167419
6703700-004,6703300-002,0.8237462043762207
6702500-001,6702500-003,3.3287642002105713
6700700-022,6701200-020,1.5804709196090698
6702800-008,6702800-009,1.7002452611923218
6701000-012,6701900-016,2.9647510051727295
6703400-005,6703100-031,0.40191012620925903
6700800-006,6700800-009,2.2912027835845947
6703300-030,6703300-012,0.3055489957332611
6703700-030,6703700-028,0.5481721758842468
6703100-025,6703100-024,0.4172085225582123
6703700-023,6703700-025,0.5090199112892151
6702400-003,6702500-009,7.646854400634766
6701700-013,6701700-001,1.170709252357483
6700800-002,6700800-011,2.5796191692352295
6703200-007,6703200-044,0.6151845455169678
6702900-001,6702900-007,1.540278673171997
6701600-005,6701600-003,1.8288915157318115
6702300-009,6702600-002,3.997354745864868
6703500-038,6703400-024,0.7736266255378723
6701300-011,6701600-006,1.6116154193878174
6700800-013,6700900-010,2.085655450820923
6701500-003,6701200-015,1.9202326536178589
6700300-009,6700300-002,2.9087605476379395
6700900-001,6701000-003,2.301819324493408
6701300-005,6701300-010,2.272235870361328
6701600-017,6701600-013,3.1709141731262207
6703300-008,6703300-007,0.35312506556510925
6702700-012,6703200-003,2.5224339962005615
6703300-011,6703300-012,0.6145573854446411
6701300-007,6701600-008,2.060793876647949
6700300-021,6700300-012,7.577392578125
6701700-001,6701700-004,2.948728084564209
6702000-007,6702000-001,2.508622407913208
6701900-012,6701900-014,2.6590325832366943
6703100-025,6703100-037,1.2737549543380737
6702000-010,6702000-006,2.337144613265991
6703200-005,6703200-011,0.6225273609161377
6703500-051,6703500-041,0.9356186389923096
6700700-012,6700700-003,1.4065274000167847
6700100-007,6700100-016,1.955314040184021
6703200-042,6703200-014,0.8665845394134521
6700600-002,6700600-003,1.7826515436172485
6703600-015,6703600-005,0.9140462875366211
6700700-024,6700700-013,2.3696484565734863
6702600-005,6702600-003,2.2299768924713135
6702900-017,6702900-005,1.4210819005966187
6703000-003,6702900-010,3.058913230895996
6702100-003,6702100-006,1.6162090301513672
6700600-014,6700600-013,2.950744390487671
6703700-034,6703600-003,0.7196718454360962
6703600-007,6703600-006,0.3775453567504883
6702900-012,6702900-007,1.5921947956085205
6701000-004,6701000-001,2.8424673080444336
6703400-004,6703200-022,0.37260371446609497
6703300-013,6703300-034,0.3941163718700409
6700300-004,6700300-021,3.008906126022339
6700700-009,6700700-011,0.9263744950294495
6700200-020,6700100-026,2.453700304031372
6703700-007,6703700-006,0.335875004529953
6700900-009,6700900-010,2.410585403442383
6702900-004,6702900-008,2.15332293510437
6700100-007,6700100-029,0.9438397288322449
6703000-007,6703000-005,2.132371425628662
6702200-003,6701100-004,1.041667103767395
6701900-004,6702000-007,2.446291208267212
6701400-002,6701400-001,2.2787983417510986
6702100-013,6703500-005,2.2945024967193604
6700100-012,6700400-002,2.7818045616149902
6701800-018,6701800-004,3.482743501663208
6703000-003,6703000-007,5.81350564956665
6700900-004,6701000-004,2.087806463241577
6703500-040,6703500-016,1.8962454795837402
6702800-017,6703100-015,1.662568211555481
6703300-006,6703700-004,0.30958113074302673
6702100-014,6701400-003,2.7392733097076416
6703200-018,6703200-020,0.706356406211853
6703300-033,6703300-026,0.4235869348049164
6701800-010,6701800-005,1.466691493988037
6703200-006,6702700-004,0.9835689067840576
6703400-001,6703100-005,0.9705169796943665
6701500-016,6701500-018,1.1209195852279663
6701800-003,6701800-002,1.4132919311523438
6701800-006,6701800-007,0.13814043998718262
6703400-008,6703400-006,0.6740474700927734
6700200-003,6700200-006,0.3450148403644562
6701500-009,6701500-015,3.1311540603637695
6703200-022,6703200-031,0.6161350607872009
6702100-012,6703500-022,2.5032548904418945
6703500-018,6703500-011,1.1464887857437134
6700200-015,6700200-016,1.024405598640442
6703500-021,6703500-016,2.707501173019409
6703200-015,6703200-028,0.6489959359169006
6702300-005,6702300-002,3.674259662628174
6702800-011,6702700-017,3.5518763065338135
6703700-014,6703700-005,0.5204540491104126
6703300-033,6703300-039,0.8775131702423096
6702800-014,6702800-004,1.8096423149108887
6700700-022,6700700-020,2.002124309539795
6701900-009,6701900-011,1.3292465209960938
6703400-038,6703400-006,0.4800598621368408
6703200-003,6702700-012,2.5224339962005615
6701200-008,6701600-001,1.8662391901016235
6701100-004,6702200-004,2.174159049987793
6702200-005,6702200-006,2.328202724456787
6703500-032,6703500-030,2.617588520050049
6703700-010,6703700-007,0.5059487819671631
6701800-003,6701800-015,3.145310401916504
6700800-005,6700800-001,1.1780580282211304
6703400-031,6703400-003,0.2964439392089844
6702800-006,6702800-005,0.8808751702308655
6703700-028,6703700-024,0.729415237903595
6703400-008,6703400-019,0.6101059317588806
6702700-001,6703100-013,1.3262197971343994
6700500-001,6700500-008,3.286977529525757
6702900-016,6701800-013,3.382307529449463
6703100-001,6703100-032,0.49373212456703186
6703700-011,6703200-021,0.6669794321060181
6700100-025,6700200-016,2.327528715133667
6703100-017,6703100-013,1.483707308769226
6701000-006,6701900-014,2.8432042598724365
6702600-002,6702200-006,2.174875020980835
6701200-010,6701200-008,0.8676133155822754
6703100-005,6703400-001,0.9705169796943665
6703700-014,6703700-018,0.39789584279060364
6703400-019,6703400-006,0.4063311815261841
6702800-013,6702800-021,0.874108076095581
6703100-031,6703100-032,0.8886492252349854
6701900-008,6701900-001,1.091140866279602
6703300-009,6703300-008,0.8201178312301636
6703400-030,6703400-020,0.6976522207260132
6700200-025,6700200-020,1.4044241905212402
6702700-013,6703200-041,1.0645066499710083
6701600-008,6701600-006,1.94340181350708
6701500-015,6701500-021,2.781543493270874
6702900-003,6702800-008,2.060817003250122
6700200-018,6700200-017,2.683943033218384
6700200-021,6700200-022,1.562698245048523
6700400-009,6700600-006,3.6588118076324463
6701500-007,6701500-022,4.4458327293396
6701600-003,6701600-012,1.8415768146514893
6700800-015,6700800-005,1.362195372581482
6700200-014,6700200-019,1.5750585794448853
6701900-015,6701900-017,2.3003151416778564
6703400-037,6703400-036,0.17924337089061737
6700300-007,6700300-011,3.2084691524505615
6703500-035,6703500-031,3.916074514389038
6702500-006,6702500-001,3.0224616527557373
6700600-012,6700600-009,2.89334774017334
6702700-005,6702800-018,1.781075358390808
6702900-010,6702900-003,0.6292123198509216
6703400-030,6703400-033,0.4516299068927765
6700300-019,6700300-021,2.538940191268921
6703500-031,6703500-033,4.934619903564453
6700800-015,6700200-025,2.1631946563720703
6700600-005,6700600-006,2.661759853363037
6703100-004,6703100-033,2.0730245113372803
6703300-025,6703300-002,0.7650456428527832
6702600-008,6702600-006,2.4846980571746826
6703100-007,6703100-038,1.897864580154419
6703500-049,6703500-050,1.4995741844177246
6701600-010,6701700-010,1.9976043701171875
6700900-007,6700900-006,1.8873746395111084
6701300-011,6701300-001,1.9981811046600342
6703000-005,6703000-001,5.338757038116455
6701900-003,6701900-020,3.006894111633301
6701700-008,6701600-009,2.2483692169189453
6703200-021,6703200-010,0.610328733921051
6703600-010,6703600-009,1.3256728649139404
6703000-001,6703000-003,3.0749025344848633
6700100-014,6700100-003,0.7547687292098999
6702500-005,6702600-009,5.088845729827881
6701400-005,6701400-004,1.3514094352722168
6701800-011,6702000-002,2.825881004333496
6701400-008,6701400-009,1.1201729774475098
6700100-012,6700100-014,0.8882298469543457
6700300-018,6700300-011,5.431168079376221
6703200-044,6703200-007,0.6151845455169678
6701400-001,6701400-006,1.8329917192459106
6703200-021,6703200-023,0.8877935409545898
6703300-017,6703300-016,1.1819751262664795
6700100-021,6700100-019,1.7127835750579834
6702100-011,6703500-014,2.1840946674346924
6700100-005,6700100-011,0.7834044694900513
6703200-016,6703300-021,1.0699095726013184
6703200-043,6702700-005,2.0100414752960205
6703100-027,6703100-006,1.7730704545974731
6703500-012,6703500-009,1.6213170289993286
6700400-001,6700400-003,1.1997393369674683
6700500-007,6700500-003,3.049177408218384
6700700-011,6700700-004,0.7911409735679626
6702200-003,6702200-002,1.3448938131332397
6701500-018,6701400-010,1.9410943984985352
6703700-008,6703700-003,0.40863579511642456
6700900-002,6700400-011,3.306617021560669
6700300-018,6700300-024,0.9334109425544739
6703400-034,6703700-005,0.3252756893634796
6703500-046,6703500-007,0.726569652557373
6701100-007,6701000-013,3.378183603286743
6701200-016,6701200-003,2.578092098236084
6703500-004,6703500-010,1.5580281019210815
6701300-008,6700700-021,1.491609811782837
6703700-020,6703700-013,0.5417064428329468
6700700-025,6700700-023,0.8459867238998413
6702700-015,6702700-016,1.3579118251800537
6703200-004,6703200-032,0.4584368169307709
6703300-019,6703300-038,1.0650749206542969
6700100-004,6700100-028,1.5752214193344116
6703700-031,6703300-027,0.6821638345718384
6703200-036,6703200-021,0.24997147917747498
6703200-020,6703200-013,0.3804934024810791
6701800-018,6702200-004,3.6119744777679443
6702800-009,6702800-008,1.7002452611923218
6703700-038,6703700-003,0.5253000855445862
6702700-011,6702700-018,1.6375807523727417
6703100-008,6703100-006,2.085505723953247
6703400-008,6703200-037,0.86708003282547
6701400-011,6701400-010,0.8015866279602051
6703200-031,6703200-027,0.7875377535820007
6703700-008,6703700-016,0.5287781953811646
6701000-001,6701000-013,2.927004814147949
6701500-011,6701500-008,3.677258253097534
6703100-022,6703100-025,0.42086726427078247
6700700-006,6700700-023,1.6364033222198486
6700200-017,6700200-009,1.8530794382095337
6701400-011,6702100-013,2.3884077072143555
6701500-004,6701200-014,2.5008366107940674
6703500-022,6703500-013,1.2839759588241577
6700500-017,6700500-007,1.6900415420532227
6701600-002,6701600-004,1.1051872968673706
6701800-012,6701800-011,1.905365228652954
6702200-006,6702200-003,2.7014474868774414
6702300-002,6702300-001,0.6191756129264832
6703400-010,6703400-012,0.42339175939559937
6700200-005,6700200-012,0.7476762533187866
6701900-006,6701900-010,1.4368727207183838
6703400-009,6703400-016,0.4385449290275574
6702400-004,6702400-001,2.6689300537109375
6700600-003,6700600-002,1.7826515436172485
6700100-027,6700100-001,0.8540672659873962
6703400-002,6703400-013,0.5235861539840698
6701500-020,6703500-026,1.6062207221984863
6700500-017,6700500-020,1.5876871347427368
6703400-042,6703500-042,0.587367057800293
6703700-019,6703700-016,0.5298190712928772
6703500-033,6701500-020,2.530299425125122
6702800-015,6702800-014,1.8653059005737305
6703300-034,6703300-012,0.8735502362251282
6703100-030,6703100-020,1.0853177309036255
6700800-013,6700800-014,1.6298142671585083
6703700-004,6703300-004,0.4046466052532196
6701100-009,6702300-008,3.964020013809204
6700900-001,6700900-004,1.0574638843536377
6702500-001,6702500-005,2.4678027629852295
6701000-012,6701900-018,3.7260046005249023
6700800-006,6700800-011,2.421196699142456
6700100-015,6700100-004,0.9992836117744446
6700900-010,6700900-009,2.410585403442383
6701500-014,6701200-018,2.3874869346618652
6703100-025,6703100-026,0.6466835141181946
6700100-008,6700100-001,0.4560767114162445
6700100-027,6700100-014,0.9229665398597717
6701700-013,6701700-003,2.776299476623535
6703200-001,6703200-002,0.4311858117580414
6702300-006,6702500-008,4.552290439605713
6702300-009,6702600-004,2.8972251415252686
6703300-034,6703300-025,0.8697150945663452
6700400-013,6700600-008,1.9094723463058472
6703300-018,6703300-017,0.6371684074401855
6700100-003,6700100-007,1.0075310468673706
6701200-007,6701200-020,2.383967399597168
6703300-008,6703300-009,0.8201178312301636
6703400-027,6703100-034,0.6271015405654907
6701700-001,6701700-006,4.872771739959717
6702100-015,6702100-005,1.7605619430541992
6702800-010,6702900-012,2.900111436843872
6703100-025,6703100-039,0.7383520603179932
6700200-021,6701300-012,3.053992509841919
6702000-010,6702000-008,2.622262954711914
6703500-051,6703500-043,1.241342306137085
6700600-006,6700600-003,3.4095401763916016
6700600-009,6700600-008,1.5143964290618896
6700700-012,6700700-005,1.9841543436050415
6702000-003,6702000-005,2.6309635639190674
6701700-010,6701300-013,2.280817747116089
6703600-012,6703600-002,1.1702200174331665
6703500-047,6703500-045,2.4460623264312744
6700600-002,6700600-005,2.398757219314575
6703600-015,6703600-007,0.5641549229621887
6700700-005,6700700-002,0.6458724141120911
6703500-005,6703500-048,1.154841661453247
6703600-014,6703600-011,1.186946988105774
6703000-003,6702900-012,3.067566156387329
6701000-011,6701000-006,1.792197346687317
6703200-034,6703200-017,0.8463413715362549
6702700-007,6702700-005,2.4394192695617676
6703500-039,6703500-046,0.6361218094825745
6703600-007,6703600-008,0.5986044406890869
6702900-012,6702900-009,2.6780927181243896
6701000-004,6701000-003,1.6856027841567993
6703300-010,6703300-031,1.1568865776062012
6700600-007,6700400-009,1.6550143957138062
6701400-010,6701400-002,2.182856798171997
6702900-004,6702900-010,1.0160330533981323
6701600-009,6701300-013,1.8930259943008423
6702200-003,6701100-006,2.624392032623291
6701800-015,6701800-001,3.285522937774658
6703700-035,6703400-041,0.8201051354408264
6701200-016,6701500-012,1.6741210222244263
6701500-002,6701500-001,1.3560349941253662
6702000-011,6701800-004,1.707554817199707
6703400-013,6703400-002,0.5235861539840698
6700200-008,6700200-002,1.007067322731018
6701800-010,6701800-007,1.1952013969421387
6701800-013,6701800-012,1.2191907167434692
6701500-016,6701500-020,2.9091100692749023
6701800-003,6701800-004,1.2650330066680908
6701800-006,6701800-009,1.6668438911437988
6701900-005,6701900-002,2.5474021434783936
6702100-014,6702100-008,2.2553024291992188
6700200-003,6700200-008,1.132454752922058
6703200-045,6703200-017,0.2916114628314972
6700500-020,6700500-010,3.350142002105713
6700500-004,6700500-002,2.4373645782470703
6702700-017,6702700-009,3.677711248397827
6702800-018,6702800-004,1.3529994487762451
6703200-006,6703200-025,0.9301392436027527
6703100-017,6703100-002,1.6035147905349731
6700200-015,6700200-018,2.671915054321289
6700400-010,6700400-012,3.269496202468872
6701800-001,6701800-015,3.285522937774658
6702700-002,6703200-043,1.8129441738128662
6702300-005,6702300-004,2.6879043579101562
6703500-020,6703500-022,1.8906357288360596
6703600-013,6703600-014,0.5225313901901245
6700800-012,6700800-006,2.173269748687744
6703200-003,6702700-014,1.793325662612915
6701100-004,6702200-006,3.073737382888794
6703100-028,6703100-016,1.0830719470977783
6703700-010,6703700-009,0.6705811619758606
6703200-010,6703200-036,0.6583806276321411
6700800-005,6700800-003,2.0152080059051514
6702800-006,6702800-007,0.7288658618927002
6701000-010,6701900-014,2.0988237857818604
6701100-009,6701100-006,3.9586379528045654
6701500-023,6703500-029,6.8905029296875
6702900-016,6701800-015,3.212855100631714
6702000-008,6702200-001,2.842813730239868
6703100-001,6703100-034,0.7914992570877075
6703200-003,6703200-033,0.9207853078842163
6701500-015,6701500-010,2.483625650405884
6703100-031,6703400-019,0.8087119460105896
6703700-024,6703700-028,0.729415237903595
6701300-008,6701300-002,1.8410143852233887
6703100-016,6703100-019,1.338032841682434
6703100-019,6703100-024,0.7327502369880676
6701600-003,6701600-001,2.01176118850708
6703400-019,6703400-008,0.6101059317588806
6701500-001,6701200-013,0.8726973533630371
6703100-031,6703100-034,0.6130994558334351
6701200-005,6701200-016,2.3159470558166504
6701500-019,6701500-021,1.6156854629516602
6703500-015,6703500-041,1.4311846494674683
6701600-018,6701600-016,2.3514060974121094
6701900-008,6701900-003,2.356779098510742
6703300-009,6703300-010,0.4715859591960907
6703400-011,6703400-009,0.3222712576389313
6703200-007,6703100-019,0.700007975101471
6702400-006,6702300-004,4.153957843780518
6700300-003,6700300-002,1.8958029747009277
6703700-011,6703200-036,0.46244901418685913
6703200-028,6703200-039,0.7866731882095337
6703300-002,6703300-007,0.5879327654838562
6700200-018,6700200-019,2.9070987701416016
6700300-012,6700300-007,6.572219371795654
6701300-011,6701200-011,0.8362274169921875
6700200-025,6700800-015,2.1631946563720703
6700400-009,6700600-008,3.606765031814575
6703500-045,6703500-041,1.2230260372161865
6700100-010,6700500-011,2.2913856506347656
6700200-014,6700200-021,1.6113710403442383
6701900-015,6701900-019,3.2440128326416016
6703400-018,6703400-025,1.0147316455841064
6703600-015,6703700-034,0.5806499123573303
6700600-012,6700600-011,3.782761812210083
6701500-003,6701600-003,2.480436086654663
6700300-009,6700600-001,2.876610040664673
6703400-011,6703400-022,0.6134980320930481
6702900-010,6702900-005,1.5204057693481445
6703400-030,6703400-035,0.3008454144001007
6703200-026,6703200-006,0.47484296560287476
6703500-031,6703500-035,3.916074514389038
6703500-017,6703700-034,1.26254403591156
6703300-025,6703300-004,0.6855791211128235
6702900-003,6702900-002,1.0143715143203735
6700900-007,6700900-008,1.9424062967300415
6703000-005,6703000-003,5.572009086608887
6703400-025,6703400-041,0.9114124774932861
6703500-042,6703500-049,0.9046618938446045
6702100-011,6703500-003,0.9901762008666992
6701300-007,6701300-005,0.8644553422927856
6703000-001,6703000-005,5.338757038116455
6703100-034,6703100-035,0.2731242775917053
6700100-014,6700100-005,0.7096283435821533
6701400-012,6701400-009,1.2681905031204224
6702900-007,6702900-013,4.0046539306640625
6701400-005,6701400-006,1.3809435367584229
6701300-002,6701300-011,1.0429539680480957
6703300-024,6703300-021,0.7281689643859863
6700100-009,6700100-011,1.484312891960144
6700300-018,6700300-013,2.9292781352996826
6701800-004,6701800-005,1.6443630456924438
6702000-004,6702000-002,3.343132972717285
6700400-007,6700100-006,2.7126896381378174
6703300-017,6703300-018,0.6371684074401855
6700100-005,6700100-013,0.6923889517784119
6703200-036,6703200-010,0.6583806276321411
6703200-039,6703200-015,0.6327590942382812
6702700-011,6702700-007,3.0524556636810303
6700100-016,6700100-027,1.9461005926132202
6703500-009,6703500-006,0.7777367830276489
6703100-027,6703100-008,2.140434980392456
6703500-012,6703500-011,0.9627167582511902
6700400-001,6700400-005,1.53571355342865
6703200-032,6703200-012,0.8577796816825867
6702200-003,6702200-004,1.194159984588623
6703500-011,6703500-015,1.6659517288208008
6700700-013,6700700-015,2.8611068725585938
6701000-001,6701000-002,2.5753250122070312
6701800-004,6701800-018,3.482743501663208
6701100-007,6701100-002,2.813061237335205
6701200-016,6701200-005,2.3159470558166504
6703500-004,6703500-012,1.6621400117874146
6703500-023,6703500-025,1.742172122001648
6702700-002,6703100-016,1.976662039756775
6703700-001,6703700-002,0.49932754039764404
6702700-015,6702700-018,2.534485101699829
6703500-039,6703500-006,1.3688676357269287
6701000-013,6701000-012,2.379067897796631
6703000-004,6703000-006,2.2090747356414795
6703200-022,6703400-004,0.37260371446609497
6701200-008,6701200-006,2.4048616886138916
6701400-010,6703500-014,2.9020557403564453
6703500-041,6703500-015,1.4311846494674683
6703200-039,6703200-028,0.7866731882095337
6702800-009,6702800-010,3.1564395427703857
6701000-005,6701000-013,3.409548282623291
6701200-001,6701200-003,1.4227159023284912
6700100-019,6700200-016,1.8640676736831665
6703300-023,6702700-013,1.5674322843551636
6703400-041,6703700-023,0.7738928198814392
6701100-004,6701100-010,2.671396493911743
6703100-003,6703100-014,1.3452708721160889
6701200-015,6701500-013,2.379246950149536
6703100-038,6703100-008,1.9041205644607544
6703700-026,6703700-008,0.4358803331851959
6700200-019,6700200-020,1.3101803064346313
6700400-011,6700400-009,3.4672558307647705
6700500-017,6700500-009,3.2231862545013428
6700200-024,6700800-007,1.842067003250122
6701600-002,6701600-006,2.304359197616577
6701800-012,6701800-013,1.2191907167434692
6703200-019,6703200-032,0.3912147581577301
6703400-014,6703400-012,0.5139235258102417
6700200-012,6700200-017,2.329749584197998
6701900-013,6701900-015,2.312734842300415
6702200-006,6702200-005,2.328202724456787
6703100-010,6703100-030,2.2053170204162598
6703200-012,6703200-029,0.882139265537262
6702300-002,6702300-003,3.0219969749450684
6703500-036,6703500-034,3.694836378097534
6700900-010,6700800-013,2.085655450820923
6700800-009,6700800-005,2.2038657665252686
6701200-019,6701200-006,1.2326040267944336
6703100-003,6703100-027,1.0681275129318237
6702200-002,6702200-007,2.315732955932617
6702400-004,6702400-003,5.498778820037842
6703400-012,6703400-023,0.5971873998641968
6703500-029,6703500-031,4.159124374389648
6700600-003,6700600-004,2.6923325061798096
6702400-003,6702400-007,5.134624004364014
6700100-027,6700100-003,0.592860758304596
6703100-037,6703100-025,1.2737549543380737
6703700-003,6703700-037,0.5061191916465759
6701600-006,6701300-001,1.9649708271026611
6701300-012,6701300-004,2.506161689758301
6703500-033,6701500-022,5.663161277770996
6702800-015,6702800-016,1.1518058776855469
6702900-013,6702900-008,4.330659866333008
6703700-004,6703300-006,0.30958113074302673
6700900-001,6700900-006,1.0524269342422485
6701200-007,6701200-009,1.8286277055740356
6701300-005,6701300-001,0.9503867030143738
6701100-008,6702400-004,6.016480922698975
6703100-032,6703100-031,0.8886492252349854
6703500-026,6701500-019,2.65804386138916
6703700-025,6703400-026,0.9869871735572815
6703700-011,6703700-019,0.32163405418395996
6703700-030,6703700-032,0.38618004322052
6700100-015,6700100-006,1.4563512802124023
6700300-021,6700300-003,3.5349462032318115
6701500-001,6701600-012,2.4341070652008057
6703400-009,6703400-031,0.5345061421394348
6703100-025,6703100-028,1.0430864095687866
6700400-004,6700900-009,2.616560935974121
6700100-008,6700100-003,0.8850868940353394
6703500-042,6703400-026,1.1929678916931152
6701700-013,6701700-005,1.4538177251815796
6702800-003,6702800-019,1.4394137859344482
6703500-047,6703500-034,2.8645899295806885
6700600-002,6700500-015,3.6238036155700684
6701600-005,6701600-007,2.222243547439575
6701700-006,6701700-002,4.393362998962402
6703300-015,6703300-014,1.434701919555664
6700400-013,6700600-010,4.411932468414307
6703300-018,6703300-019,0.761797308921814
6700300-009,6700300-006,1.6808754205703735
6702100-006,6702100-002,2.3811209201812744
6703500-049,6703400-042,1.3671075105667114
6701000-004,6700900-004,2.087806463241577
6701400-007,6701200-020,1.9221426248550415
6702800-010,6702900-014,6.124357223510742
6703400-034,6703400-037,0.3860357701778412
6703500-051,6703500-045,0.5782094597816467
6700600-006,6700600-005,2.661759853363037
6703200-030,6703200-008,0.5905194282531738
6700700-009,6700700-002,1.1764675378799438
6700600-009,6700600-010,1.6161725521087646
6703500-003,6703500-004,1.3276993036270142
6702000-002,6702000-011,1.7894089221954346
6700600-002,6700600-007,2.4874932765960693
6700700-005,6700700-004,0.39172881841659546
6700200-016,6700100-019,1.8640676736831665
6702700-014,6702700-010,3.0361948013305664
6703600-014,6703600-013,0.5225313901901245
6700700-004,6700700-008,1.231947422027588
6700200-015,6700100-023,2.1337528228759766
6703000-003,6702900-014,5.240307331085205
6703100-014,6703100-003,1.3452708721160889
6703700-034,6703600-007,0.9858179688453674
6702100-006,6702100-015,1.9785066843032837
6703200-018,6703200-011,0.3643767237663269
6703600-007,6703600-010,1.3566595315933228
6700700-016,6700700-018,1.5481575727462769
6700500-006,6700300-017,3.764164924621582
6701000-004,6701000-005,3.6682708263397217
6703300-010,6703300-033,1.0301463603973389
6701100-010,6701100-005,2.8507726192474365
6703100-006,6703100-004,2.028852701187134
6700200-001,6700100-017,1.4740803241729736
6701200-002,6701400-007,2.0207226276397705
6702700-007,6703200-026,2.1468119621276855
6702100-010,6703500-004,2.369133472442627
6701800-015,6701800-003,3.145310401916504
6700100-012,6700400-006,0.9245322942733765
6701700-012,6701700-008,3.548325777053833
6702100-012,6703500-013,1.5277814865112305
6700100-025,6700100-023,1.2047020196914673
6701200-016,6701500-014,2.6023306846618652
6700500-016,6700500-001,3.6151134967803955
6702800-011,6702700-008,4.742897033691406
6703200-018,6703200-024,0.5541414022445679
6703300-033,6703300-030,0.9916365146636963
6700100-018,6700100-020,2.0051920413970947
6700200-008,6700200-004,1.2447160482406616
6701500-004,6701500-012,1.8499152660369873
6701700-004,6701700-009,2.759042978286743
6701800-010,6701800-009,1.3107523918151855
6701800-013,6701800-014,0.9769350290298462
6702400-007,6702300-003,4.425204277038574
6701600-016,6701500-006,3.4614477157592773
6700500-008,6700500-002,2.728217840194702
6701800-003,6701800-006,1.7219626903533936
6700700-020,6701200-007,1.2655142545700073
6700200-003,6700200-010,2.8547353744506836
6702700-017,6702700-011,2.622253179550171
6703500-043,6703500-008,0.7331158518791199
6702700-002,6703200-045,1.9970287084579468
6702100-009,6702100-016,2.2284631729125977
6702300-005,6702300-006,1.889233946800232
6703500-020,6703500-024,2.0085256099700928
6703700-033,6703700-022,0.8596985936164856
6700700-003,6700700-011,0.7879171967506409
6700200-014,6700100-026,2.4110870361328125
6700800-012,6700800-008,2.046163558959961
6701500-019,6701500-010,3.0241119861602783
6703700-024,6703400-018,0.7056569457054138
6700500-011,6700500-020,3.0426700115203857
6703400-031,6703400-007,0.43032875657081604
6700700-020,6701200-020,2.487421989440918
6702800-006,6702800-009,1.076971411705017
6703300-037,6702700-016,3.0400795936584473
6703100-021,6703100-015,1.4418686628341675
6702000-006,6701900-005,2.783820390701294
6701100-009,6701100-008,4.922784328460693
6703200-013,6703200-043,1.3679357767105103
6703100-024,6703100-020,1.0025055408477783
6701500-023,6703500-031,4.932887077331543
6703200-003,6703200-035,0.8972686529159546
6701600-011,6701600-002,1.977923035621643
6700500-003,6700500-021,2.991056442260742
6701900-020,6701900-002,2.9298431873321533
6703700-005,6703700-017,0.5641003847122192
6703100-016,6703100-021,0.7487494349479675
6703100-035,6703100-034,0.2731242775917053
6703300-005,6703700-038,0.5067460536956787
6701000-007,6700800-009,3.1737358570098877
6701600-006,6701600-008,1.94340181350708
6701800-016,6701800-015,1.507008671760559
6701500-001,6701200-015,1.8408734798431396
6703100-012,6703100-023,1.402083396911621
6703400-026,6703700-025,0.9869871735572815
6701600-015,6701600-013,3.056668996810913
6702900-007,6702800-010,2.9176440238952637
6703500-015,6703500-043,1.2052971124649048
6700600-003,6700300-009,1.7974542379379272
6701900-008,6701900-005,2.097214698791504
6700200-006,6700200-011,1.3340768814086914
6700200-025,6700200-024,1.0196422338485718
6703200-007,6703100-021,1.1755316257476807
6700200-009,6700200-016,1.2141467332839966
6700300-003,6700300-004,0.8365151882171631
6702400-005,6702300-010,4.10746955871582
6703700-011,6703200-038,0.42360201478004456
6702600-008,6702500-006,3.600095510482788
6700100-006,6700100-012,1.0178827047348022
6700200-018,6700200-021,1.3597290515899658
6701900-003,6701900-011,2.40148663520813
6702000-001,6702000-003,1.7442100048065186
6702300-008,6702300-007,2.719265937805176
6703100-019,6703100-039,0.537494421005249
6703500-045,6703500-043,1.0479985475540161
6703300-039,6703300-012,0.5252227187156677
6700100-010,6700500-013,2.7418768405914307
6701300-012,6701700-006,3.1262240409851074
6700600-012,6700600-013,5.364095211029053
6702900-007,6702900-002,2.244253635406494
6700300-009,6700600-003,1.7974542379379272
6703600-005,6703700-028,0.9610350728034973
6703300-009,6703300-025,0.6430355310440063
6702900-010,6702900-007,1.505160927772522
6701000-002,6701000-001,2.5753250122070312
6702600-008,6702600-010,3.915545701980591
6702900-003,6702900-004,1.2833727598190308
6703700-027,6703700-031,0.5878350138664246
6701300-011,6701300-005,1.8849600553512573
6701600-007,6701300-011,2.3003666400909424
6703200-002,6703200-001,0.4311858117580414
6702100-011,6703500-005,1.3027644157409668
6700100-005,6700100-002,0.6231295466423035
6703000-001,6703000-007,4.398995399475098
6701800-018,6702000-009,1.8907538652420044
6701700-003,6701700-001,2.0928173065185547
6701800-009,6701800-001,1.7332305908203125
6703300-012,6703300-013,0.48567667603492737
6703400-036,6703400-030,0.5470114946365356
6700100-019,6700100-021,1.7127835750579834
6703200-037,6703400-032,0.7346213459968567
6700100-009,6700100-013,1.2109750509262085
6701800-004,6701800-007,1.4537725448608398
6703500-004,6703500-001,1.5386556386947632
6701900-014,6701000-009,2.259705066680908
6703500-007,6703500-006,1.1956897974014282
6700700-006,6700700-001,0.5430748462677002
6700100-005,6700100-015,1.1412101984024048
6701000-013,6701000-001,2.927004814147949
6702100-005,6702100-003,1.745060920715332
6703400-040,6703400-041,1.1193907260894775
6701100-010,6702200-003,3.5851542949676514
6703500-019,6703500-016,2.53607439994812
6700400-008,6700400-010,1.95218825340271
6703300-012,6703300-026,0.4134339392185211
6702700-011,6702700-009,1.7434492111206055
6700100-016,6700100-029,1.3229774236679077
6703300-031,6703300-039,1.3937138319015503
6703200-032,6703200-014,0.7359001040458679
6702200-003,6702200-006,2.7014474868774414
6703700-031,6703600-006,1.2334661483764648
6703200-009,6703200-030,0.3566807806491852
6702700-004,6702700-006,2.1881160736083984
6702800-005,6702800-001,0.7149941325187683
6703200-008,6703200-034,0.7608695030212402
6701000-001,6701000-004,2.8424673080444336
6700800-014,6700100-024,1.1701576709747314
6703100-022,6703100-016,1.4589929580688477
6700700-025,6700700-027,1.5934600830078125
6701000-013,6701100-001,3.992698907852173
6701500-004,6701200-005,2.9373743534088135
6700100-023,6700200-016,1.1533764600753784
6702700-004,6703200-025,1.5285910367965698
6703100-015,6703100-013,0.7480016350746155
6701500-006,6701500-005,2.889760732650757
6702700-008,6702700-017,2.9762234687805176
6703400-014,6703400-001,0.5964246988296509
6700200-012,6700200-006,1.1414903402328491
6701200-001,6701200-005,1.7433286905288696
6701500-018,6701500-015,1.9838573932647705
6703400-010,6703400-003,0.45877784490585327
6700200-005,6700200-003,0.5058457255363464
6701900-006,6701900-001,1.5813685655593872
6701800-019,6701800-018,1.96367347240448
6703400-021,6703400-017,0.44522619247436523
6703100-037,6703100-014,1.4631695747375488
6703700-003,6703700-026,0.2935508191585541
6703200-022,6703400-019,0.7599961757659912
6701600-006,6701200-011,1.784997820854187
6700200-019,6700200-022,1.6906818151474
6702500-008,6702400-006,5.8158979415893555
6703700-019,6703700-007,0.5254808068275452
6700800-014,6700800-001,2.292529344558716
6702300-009,6702300-008,2.6017754077911377
6702200-006,6702200-007,2.088928699493408
6702300-002,6702300-005,3.674259662628174
6702500-004,6702500-001,3.8966801166534424
6703100-023,6702800-016,1.5033477544784546
6703700-030,6703700-021,0.28782346844673157
6700800-006,6700800-002,0.9726614952087402
6700900-010,6700800-015,3.418278932571411
6701500-001,6701600-001,2.0431253910064697
6702700-003,6702800-018,1.9712944030761719
6700500-003,6700300-005,2.84429931640625
6703600-001,6703500-017,1.3837182521820068
6703500-029,6703500-033,1.906829833984375
6703100-002,6703100-033,1.59422767162323
6700600-003,6700600-006,3.4095401763916016
6701800-014,6702800-016,1.6808487176895142
6700800-002,6700800-004,2.239307403564453
6700900-006,6700900-002,2.2275593280792236
6702800-003,6702800-008,1.516170859336853
6702300-006,6702400-006,5.0257697105407715
6701300-012,6701300-006,4.0500946044921875
6702300-009,6702500-004,3.3194313049316406
6701500-005,6701600-012,2.623284339904785
6700900-001,6700900-008,2.8839683532714844
6701200-007,6701200-011,2.3391857147216797
6703100-032,6703100-033,1.4907783269882202
6703500-017,6703500-036,3.6995203495025635
6703700-025,6703400-028,0.7555723190307617
6700800-006,6700800-015,1.9459294080734253
6703400-032,6703400-017,0.5203087329864502
6703100-025,6703100-030,1.322595238685608
6703300-004,6703300-002,0.42163944244384766
6703400-039,6703100-035,0.5063396096229553
6703500-037,6703100-036,0.8260597586631775
6700100-007,6700100-009,0.8810412287712097
6702800-003,6702800-021,1.4703989028930664
6701600-005,6701600-009,1.7457029819488525
6703300-015,6703300-016,1.0284581184387207
6700400-013,6700600-012,3.7485668659210205
6700300-009,6700300-008,2.7137389183044434
6701900-016,6701900-018,2.175621747970581
6703200-034,6703200-008,0.7608695030212402
6702100-006,6702100-004,0.984359622001648
6702500-007,6702500-002,2.6025748252868652
6703300-008,6703300-013,0.8587477207183838
6700600-013,6700600-010,7.247650623321533
6700700-016,6700700-007,1.287418246269226
6703700-036,6703700-027,0.5254815220832825
6700300-004,6700300-014,2.314981698989868
6700600-006,6700600-007,2.5424983501434326
6703200-030,6703200-010,0.5426418781280518
6700700-009,6700700-004,1.5710195302963257
6700600-009,6700600-012,2.89334774017334
6702700-016,6703300-019,2.0412471294403076
6702900-004,6702900-001,2.0638768672943115
6703100-018,6703100-003,2.1038522720336914
6703500-044,6703500-007,1.1560488939285278
6703700-036,6703400-028,0.6078212261199951
6702000-005,6702100-007,2.3292601108551025
6702700-014,6702700-012,1.0592416524887085
6703600-014,6703600-015,1.1797657012939453
6702400-004,6700900-012,4.31606388092041
6703700-029,6703300-027,0.402162104845047
6700100-024,6700400-005,2.569392681121826
6703500-039,6703500-050,1.2255432605743408
6700700-016,6700700-020,2.3074512481689453
6702800-014,6702700-002,2.1832566261291504
6702900-011,6703000-001,3.8092846870422363
6703400-015,6703400-039,0.5876136422157288
6703200-011,6703200-010,0.3123006224632263
6703200-030,6703200-023,0.8534664511680603
6702000-009,6702200-002,3.248377561569214
6703500-048,6702100-013,2.434242010116577
6701500-009,6701500-008,2.6604175567626953
6701700-012,6701700-010,3.5350449085235596
6703300-021,6703300-022,0.40289849042892456
6700700-004,6700700-023,1.8518413305282593
6700200-015,6700200-009,1.5163735151290894
6703300-006,6703700-010,0.6760654449462891
6703300-033,6703300-032,0.9686214923858643
6700100-018,6700100-022,0.9848927855491638
6703200-045,6702700-002,1.9970287084579468
6701800-010,6701800-011,0.8887407779693604
6700400-002,6700400-004,1.1874736547470093
6700500-011,6700500-009,1.961736798286438
6701800-003,6701800-008,2.015886068344116
6701800-006,6701800-013,1.7300703525543213
6700900-003,6700400-012,3.5131990909576416
6703500-006,6703500-007,1.1956897974014282
6700200-003,6700200-012,1.2500792741775513
6703500-028,6703500-025,2.686231851577759
6700500-004,6700500-006,2.2632901668548584
6703100-001,6703100-025,0.6440158486366272
6703500-027,6703500-029,0.570726752281189
6703700-002,6703700-001,0.49932754039764404
6703200-025,6703200-042,0.42407679557800293
6703700-014,6703700-011,0.5742490887641907
6700700-003,6700700-013,1.568547248840332
6703200-017,6703200-043,0.8244489431381226
6700800-012,6700800-010,1.7339736223220825
6702800-013,6702800-014,1.8526288270950317
6703100-009,6703100-007,1.7617371082305908
6703100-028,6703100-020,0.9307425618171692
6702100-002,6701900-010,2.193828582763672
6703500-013,6703500-023,2.6495227813720703
6703100-031,6703100-025,0.8342322707176208
6701300-012,6700200-018,3.169355869293213
6700500-008,6700500-017,2.589897871017456
6703200-013,6703200-045,1.066941738128662
6703700-028,6703700-030,0.5481721758842468
6703100-024,6703100-022,0.4230031371116638
6701500-023,6703500-033,6.076611042022705
6701500-015,6701500-014,1.2454601526260376
6703100-026,6703100-031,0.7670323252677917
6703700-002,6703700-014,0.24441586434841156
6703400-007,6703400-002,0.46877560019493103
6700200-021,6700200-015,2.985006093978882
6703100-035,6703100-036,1.2147552967071533
6703100-019,6703100-028,0.27662554383277893
6701600-003,6701600-005,1.8288915157318115
6701800-016,6701800-017,4.4536919593811035
6703400-037,6703400-029,0.33590447902679443
6700300-007,6700300-004,2.919863224029541
6701500-003,6701500-017,2.8825552463531494
6702200-007,6702600-001,2.5523645877838135
6703500-015,6703500-045,0.39868059754371643
6701900-008,6701900-007,0.7996990084648132
6700700-014,6700800-011,2.4059770107269287
6703400-011,6703400-013,0.38774895668029785
6700200-006,6700200-013,2.5128562450408936
6700300-003,6700300-006,0.767179012298584
6702400-005,6702400-002,5.168978214263916
6700100-006,6700100-014,0.9375032782554626
6700200-018,6700200-023,2.858304023742676
6701700-006,6701300-004,4.671863555908203
6702000-001,6702000-005,3.390826940536499
6702300-008,6702300-009,2.6017754077911377
6703500-042,6703500-040,0.5589785575866699
6703500-026,6703500-032,3.5575168132781982
6703300-039,6703300-014,2.0289466381073
6703700-006,6703300-001,0.6026027798652649
6702600-003,6702600-005,2.2299768924713135
6702800-016,6702800-015,1.1518058776855469
6702900-014,6702900-007,5.849153995513916
6703500-003,6703500-048,1.9019205570220947
6702800-019,6702800-020,1.5409619808197021
6702300-003,6702400-005,2.435556173324585
6700100-017,6700100-001,2.062234878540039
6700300-009,6700600-005,1.7358533143997192
6703200-016,6703300-001,0.8311523795127869
6702200-001,6701900-021,2.7906155586242676
6702900-010,6702900-009,0.8495895862579346
6701000-002,6701000-003,1.742101788520813
6700100-009,6700100-002,1.5308367013931274
6700100-028,6700100-015,0.883946418762207
6703700-027,6703700-033,0.89810711145401
6700800-003,6700800-014,2.228116750717163
6700300-018,6700300-004,2.8382554054260254
6701300-011,6701300-007,2.4353256225585938
6702900-002,6702900-010,1.5199652910232544
6703000-005,6703000-007,2.132371425628662
6700500-013,6700100-010,2.7418768405914307
6701600-007,6701300-013,2.6285908222198486
6702900-005,6702900-016,3.3949058055877686
6703300-020,6703300-014,3.093276023864746
6700100-005,6700100-004,0.16202552616596222
6702900-014,6703000-004,2.9594194889068604
6701300-006,6701300-013,2.8765382766723633
6702000-009,6701800-004,3.3104395866394043
6703300-031,6703300-028,1.3378474712371826
6702100-001,6702000-005,3.127371311187744
6700100-019,6700100-023,1.7879587411880493
6700300-006,6700300-007,2.9083547592163086
6703000-007,6702600-010,4.620193958282471
6702800-011,6702900-013,4.495647430419922
6703500-012,6703500-002,1.5288395881652832
6702000-011,6702000-009,2.836838483810425
6703500-014,6703500-048,1.6065994501113892
6700100-012,6700100-020,1.6388587951660156
6700200-002,6700200-004,0.544037938117981
6703500-004,6703500-003,1.3276993036270142
6701800-003,6702000-009,3.333059787750244
6703200-043,6703200-017,0.8244489431381226
6701900-014,6701000-011,2.323711633682251
6703500-007,6703500-008,1.1734232902526855
6700700-006,6700700-003,1.1350877285003662
6701200-018,6701400-008,1.0372031927108765
6703500-001,6702000-004,2.8240020275115967
6702700-015,6702700-009,2.943254232406616
6703500-039,6703400-040,1.2617007493972778
6701000-013,6701000-003,4.200235366821289
6703000-004,6702900-013,3.392650842666626
6702700-004,6703200-014,1.4059066772460938
6700600-016,6700400-009,2.761603593826294
6701100-010,6702200-005,2.409027099609375
6700300-013,6700300-023,2.2264795303344727
6703600-009,6703600-005,0.788377046585083
6702700-008,6702700-006,2.159670114517212
6702800-009,6702800-001,1.5080562829971313
6700700-020,6700700-022,2.002124309539795
6701000-005,6701000-004,3.6682708263397217
6700300-006,6700300-020,2.6713106632232666
6703100-021,6702700-001,1.570957899093628
6702700-001,6702700-003,1.5116807222366333
6701200-003,6701400-006,2.431922197341919
6703600-004,6703600-011,1.3781548738479614
6701000-001,6701000-006,2.924583911895752
6701100-007,6701100-006,3.6502432823181152
6702600-004,6702200-006,3.6033596992492676
6700700-015,6701000-009,1.9704277515411377
6702800-020,6702700-006,1.7422358989715576
6701200-015,6701500-004,2.0442705154418945
6703500-048,6703500-022,2.377774953842163
6700700-006,6700700-016,1.6644935607910156
6701500-013,6701500-010,2.9496893882751465
6701800-013,6703100-018,1.7937819957733154
6701200-008,6701200-010,0.8676133155822754
6703400-029,6703700-017,0.47139668464660645
6700800-011,6700700-014,2.4059770107269287
6702500-008,6702300-005,5.229753494262695
6701500-006,6701500-007,2.8327462673187256
6701800-012,6701800-004,1.8447027206420898
6703200-038,6703200-036,0.5822634100914001
6703100-033,6703100-005,1.3292869329452515
6701600-017,6701500-005,2.7776236534118652
6702500-004,6702300-007,2.8808207511901855
6701800-007,6701800-010,1.1952013969421387
6702700-006,6702800-012,3.800734043121338
6700200-023,6700200-022,1.6952810287475586
6703100-003,6703100-018,2.1038522720336914
6701900-017,6701000-012,2.0454483032226562
6702800-020,6702800-001,1.0586694478988647
6703400-039,6703100-011,0.6340278387069702
6702600-001,6701800-018,3.557705879211426
6701800-019,6701800-020,2.262273073196411
6703400-002,6703400-006,0.5373355746269226
6703200-012,6702700-014,1.9265412092208862
6700200-019,6700200-024,2.160482168197632
6700400-011,6700400-013,4.4867095947265625
6702300-006,6702300-005,1.889233946800232
6702500-008,6702500-001,7.5466814041137695
6700800-014,6700800-003,2.228116750717163
6703700-037,6703700-026,0.34114253520965576
6703400-017,6703400-021,0.44522619247436523
6701100-009,6702300-001,4.554543972015381
6703100-019,6703200-044,1.054978847503662
6701400-006,6700700-027,2.8853600025177
6703200-012,6703200-033,0.7666723132133484
6702300-002,6702300-007,3.0507655143737793
6702500-004,6702500-003,1.8085362911224365
6703400-005,6703100-026,0.5366678237915039
6700800-006,6700800-004,1.8554152250289917
6701500-001,6701600-003,1.3798956871032715
6703400-009,6703400-022,0.6351589560508728
6703600-001,6703500-019,2.6779582500457764
6703100-025,6703100-019,1.0499364137649536
6703600-006,6703700-031,1.2334661483764648
6702900-017,6701800-016,3.1053237915039062
6703500-029,6703500-035,3.524123191833496
6701900-021,6701900-001,2.9747776985168457
6700800-002,6700800-006,0.9726614952087402
6702900-001,6702900-002,0.918240487575531
6701900-017,6701900-003,2.9640157222747803
6703300-008,6703300-002,0.38042163848876953
6702900-012,6702800-010,2.900111436843872
6700700-021,6701300-011,2.4754884243011475
6700300-021,6700300-007,1.4602984189987183
6703200-033,6703300-023,1.6458264589309692
6701900-012,6701900-009,1.085070252418518
6703100-025,6703100-032,0.5318996906280518
6702000-010,6702000-001,1.0278444290161133
6700300-023,6700300-016,3.198859930038452
6701600-012,6701600-014,2.693108558654785
6701700-013,6701700-009,2.683159589767456
6703300-003,6703300-008,0.7287789583206177
6703300-022,6703300-021,0.40289849042892456
6700100-007,6700100-011,1.1079695224761963
6702800-003,6702900-002,1.699051022529602
6703700-020,6703400-036,0.565852165222168
6700300-016,6700300-013,2.0397298336029053
6702600-008,6703000-002,5.159703731536865
6701600-005,6701600-011,1.1717184782028198
6703600-014,6703600-004,2.2412266731262207
6700100-003,6700100-013,1.1940363645553589
6701700-003,6701300-003,3.4566781520843506
6700300-009,6700300-010,3.673175573348999
6702100-003,6702100-001,1.2344614267349243
6702500-007,6702500-004,4.063268661499023
6700600-013,6700600-012,5.364095211029053
6700700-016,6700700-009,0.9695912003517151
6701700-001,6701700-012,2.6571874618530273
6703200-027,6703200-007,0.8159502148628235
6703500-051,6703500-049,1.6561753749847412
6700600-006,6700600-009,2.7225589752197266
6700700-009,6700700-006,1.2806237936019897
6700600-009,6700600-014,6.951105117797852
6700700-012,6700700-011,2.1726770401000977
6703300-003,6703300-021,0.6000814437866211
6702900-004,6702900-003,1.2833727598190308
6703400-027,6703400-038,0.30378416180610657
6703500-044,6703500-009,1.2360695600509644
6700700-004,6700700-012,1.7261204719543457
6703500-037,6703500-006,0.4716413915157318
6700900-004,6700900-011,4.157763481140137
6701000-011,6701000-012,2.389904260635376
6703600-007,6703600-014,1.0717353820800781
6703700-033,6703600-015,0.8752984404563904
6700700-027,6701400-004,1.4044333696365356
6702900-011,6703000-003,2.599696636199951
6701800-013,6701800-005,1.5517164468765259
6702700-014,6703200-033,1.2777080535888672
6703100-006,6703100-008,2.085505723953247
6701000-003,6701000-013,4.200235366821289
6701400-009,6701400-012,1.2681905031204224
6702900-004,6702900-017,2.155353546142578
6701800-006,6701800-002,1.8398284912109375
6703300-028,6703300-027,0.7618176341056824
6700200-003,6700200-001,1.5754534006118774
6700300-022,6700300-019,3.936635971069336
6701400-002,6701400-009,1.9368810653686523
6701500-009,6701500-010,1.6373772621154785
6703300-021,6703300-024,0.7281689643859863
6701800-017,6701800-016,4.4536919593811035
6701800-001,6701800-008,0.6103807687759399
6702100-009,6702100-007,1.2049593925476074
6703300-006,6703700-012,0.5657160878181458
6703500-020,6703500-015,2.3137805461883545
6702000-011,6701800-010,2.0782012939453125
6700100-018,6700100-024,2.4822611808776855
6701700-004,6701700-013,3.428534984588623
6703700-017,6703700-005,0.5641003847122192
6700900-011,6700400-013,3.9205048084259033
6703400-038,6703400-001,0.2862209379673004
6703200-003,6702700-007,2.0534775257110596
6703500-013,6703500-012,1.8722763061523438
6700400-002,6700400-006,1.9864598512649536
6700500-008,6700500-006,2.0530505180358887
6700700-015,6700700-012,1.479836344718933
6703200-013,6703200-034,0.5195965766906738
6703500-006,6703500-009,0.7777367830276489
6700500-001,6700500-003,1.2603412866592407
6703200-003,6703200-026,0.4866671562194824
6702700-017,6702700-015,4.0605244636535645
6703500-027,6703500-031,4.659574031829834
6700500-003,6700500-012,2.416846513748169
6703500-043,6703500-012,1.246495246887207
6703100-016,6703100-012,1.6377416849136353
6701800-019,6702200-007,2.6277015209198
6700700-003,6700700-015,2.579724073410034
6703300-005,6703700-029,0.5772544741630554
6700700-022,6700700-028,1.9061450958251953
6703200-017,6703200-045,0.2916114628314972
6703700-017,6703700-018,0.5352591276168823
6700700-013,6701900-009,2.427039623260498
6703100-028,6703100-022,0.6400906443595886
6703100-012,6703100-014,1.1193286180496216
6701500-019,6701500-014,2.331684112548828
6702800-006,6702800-013,1.03850519657135
6703400-011,6703400-002,0.5314462184906006
6701400-006,6701200-003,2.431922197341919
6703700-028,6703700-032,0.47836923599243164
6701500-013,6701200-016,0.9979285597801208
6701500-015,6701500-016,2.5930020809173584
6703300-035,6703700-029,0.8535357117652893
6703700-002,6703700-016,0.25694242119789124
6703400-023,6703400-012,0.5971873998641968
6700100-006,6700100-003,1.126711368560791
6702800-001,6702800-019,0.9968392848968506
6701900-003,6701900-002,1.5605683326721191
6702300-008,6702200-005,4.834367752075195
6701500-007,6701500-017,3.4839704036712646
6702900-016,6702800-013,3.196927547454834
6701500-010,6701500-022,5.363382339477539
6703400-032,6703200-037,0.7346213459968567
6700300-007,6700300-006,2.9083547592163086
6700200-023,6701300-012,2.120542287826538
6700500-014,6700500-012,1.5024564266204834
6700900-012,6702400-004,4.31606388092041
6703500-015,6703500-047,2.058931350708008
6703400-011,6703400-015,0.5905531644821167
6703500-031,6703500-028,4.505500793457031
6700300-003,6700300-008,3.277071952819824
6700600-005,6700600-001,3.0717952251434326
6702400-005,6702400-004,4.987646102905273
6703500-008,6703500-044,0.9250547289848328
6700100-028,6700100-004,1.5752214193344116
6703700-027,6703700-022,0.190510556101799
6700900-007,6700900-001,2.095597982406616
6703200-044,6703100-028,1.2264912128448486
6701900-003,6701900-015,1.339441180229187
6702000-001,6702000-007,2.508622407913208
6700400-004,6700100-011,2.8789544105529785
6703200-021,6703200-005,0.7165148258209229
6703600-010,6703600-004,1.3760179281234741
6703300-036,6703300-011,1.9662625789642334
6703500-045,6703500-047,2.4460623264312744
6700800-015,6700800-013,1.9809613227844238
6702600-003,6702600-007,2.2142179012298584
6702800-016,6702800-017,1.1595734357833862
6700300-007,6700300-019,3.5606887340545654
6701300-006,6701300-002,2.818942070007324
6701400-012,6701400-002,2.585175037384033
6700500-014,6700600-004,3.1664154529571533
6702300-003,6702400-007,4.425204277038574
6700100-017,6700100-003,2.044435501098633
6701500-002,6701600-013,2.6306838989257812
6702900-010,6702900-011,1.2191777229309082
6700100-028,6700100-017,1.725512981414795
6703700-027,6703700-035,0.6333313584327698
6702800-004,6702800-020,1.526961326599121
6700700-012,6701000-010,2.4076898097991943
6703300-020,6703300-016,2.2256486415863037
6700100-005,6700100-006,0.3208797574043274
6701700-010,6701700-008,1.1144211292266846
6703700-033,6703400-043,0.559943437576294
6701700-003,6701700-005,3.1528375148773193
6703300-031,6703300-030,0.9882977604866028
6703400-036,6703400-034,0.2069714516401291
6700300-006,6700300-009,1.6808754205703735
6703500-012,6703500-004,1.6621400117874146
6703500-011,6703500-008,1.525998592376709
6703100-034,6703400-039,0.7793735265731812
6701800-004,6701800-011,1.9904850721359253
6703300-026,6703300-036,2.032571315765381
6703500-004,6703500-005,1.015799641609192
6703500-023,6703500-018,2.5770857334136963
6701800-003,6702000-011,2.7886927127838135
6700700-006,6700700-005,0.4661361277103424
6702700-015,6702700-011,1.7817776203155518
6701600-009,6701700-008,2.2483692169189453
6701000-013,6701000-005,3.409548282623291
6703100-029,6703500-002,1.5422009229660034
6702700-018,6702700-016,3.829352855682373
6703200-020,6703200-008,0.8389562964439392
6703600-009,6703600-007,1.2054378986358643
6702100-007,6702100-016,2.038235902786255
6700200-010,6700100-017,2.5814757347106934
6702000-009,6701800-019,3.781167507171631
6703300-012,6703300-030,0.3055489957332611
6700100-019,6700200-009,1.433477759361267
6700600-008,6700400-012,3.7600913047790527
6701200-004,6701200-001,1.6516858339309692
6703200-031,6703200-022,0.6161350607872009
6701200-003,6701400-008,2.4066426753997803
6701100-004,6701100-003,1.7460659742355347
6703300-021,6703200-016,1.0699095726013184
6701100-007,6701100-008,4.625307559967041
6703100-003,6703100-007,2.195390224456787
6703100-022,6703100-020,0.5908185243606567
6700100-013,6700400-007,2.5726401805877686
6701500-013,6701500-012,0.9008984565734863
6703100-024,6703200-027,0.8460338115692139
6701900-018,6701900-002,2.5940139293670654
6703200-004,6703200-040,0.48394933342933655
6701200-017,6701500-015,1.8833225965499878
6702700-018,6702800-011,5.217865467071533
6701200-008,6701200-012,2.163137435913086
6700500-017,6700500-002,3.12758469581604
6702000-004,6703100-009,1.6992205381393433
6702500-008,6702300-007,7.203033924102783
6701800-012,6701800-006,0.6584492921829224
6703200-019,6703200-025,0.7802817225456238
6703100-030,6703100-002,1.0332484245300293
6703400-017,6703400-010,0.3847023844718933
6701600-017,6701500-007,4.706752777099609
6702500-004,6702300-009,3.3194313049316406
6700200-005,6700200-007,0.7135382890701294
6701800-007,6701800-012,0.5260324478149414
6701900-006,6701900-005,1.3868262767791748
6703400-009,6703400-011,0.3222712576389313
6703400-012,6703400-016,0.4739364683628082
6702600-001,6701800-020,3.6319377422332764
6703700-009,6703200-038,0.40250593423843384
6703200-026,6703200-041,0.6531742811203003
6701900-001,6701900-011,1.3716899156570435
6702300-006,6702300-007,2.7778549194335938
6703700-019,6703700-011,0.32163405418395996
6703700-018,6703700-015,0.3558744192123413
6702300-008,6701100-009,3.964020013809204
6703100-010,6703100-036,1.9544286727905273
6700400-012,6700900-001,3.2371468544006348
6703200-012,6703200-035,0.6715672016143799
6702800-008,6702800-006,1.6779347658157349
6700500-012,6700500-021,2.337350368499756
6703400-032,6703400-008,0.4472495913505554
6700800-004,6700200-024,2.3724403381347656
6700800-009,6700800-011,1.301793098449707
6703600-006,6703700-033,1.1315538883209229
6703100-002,6703100-037,0.6873263120651245
6701600-012,6701600-003,1.8415768146514893
6701900-021,6701900-003,2.3755130767822266
6700800-002,6700800-008,1.2493053674697876
6702900-001,6702900-004,2.0638768672943115
6701600-006,6701300-007,2.553278684616089
6700100-003,6700100-002,0.6079261898994446
6703400-025,6703500-046,1.2132433652877808
6701300-005,6701300-007,0.8644553422927856
6703400-016,6703400-040,0.8993995785713196
6703100-032,6703100-037,0.8318122625350952
6703300-008,6703300-004,0.5231078863143921
6703300-011,6703300-009,0.4343811571598053
6700100-015,6700100-012,0.7030680775642395
6702800-010,6702900-007,2.9176440238952637
6701900-012,6701900-011,1.2470250129699707
6702000-010,6702000-003,2.6488754749298096
6700600-012,6700900-012,4.047330856323242
6703400-034,6703400-030,0.49149537086486816
6700300-023,6700300-018,2.425654172897339
6703200-030,6703200-001,0.5437789559364319
6701600-012,6701600-016,3.256012439727783
6703300-022,6703300-023,1.5439517498016357
6700100-007,6700100-013,0.6189985275268555
6700300-016,6700300-015,1.5950075387954712
6702000-002,6702000-004,3.343132972717285
6700600-016,6700100-010,2.323580265045166
6703000-001,6702600-010,3.5841431617736816
6702400-002,6702400-003,4.0153021812438965
6702900-017,6702900-002,1.781908392906189
6701000-011,6701000-001,2.532999038696289
6702100-006,6702100-008,1.5075510740280151
6700300-011,6700300-021,3.8621060848236084
6700500-015,6700600-001,2.606459617614746
6700600-013,6700600-014,2.950744390487671
6703300-033,6703300-010,1.0301463603973389
6703600-007,6703600-003,1.0514823198318481
6703300-010,6703300-026,0.9466940760612488
6702900-011,6702900-008,1.7522354125976562
6700300-004,6700300-018,2.8382554054260254
6703200-011,6703200-001,0.6650884747505188
6700600-006,6700600-011,4.513309478759766
6703200-021,6703700-001,0.586308479309082
6700700-012,6700700-013,1.4043762683868408
6702900-004,6702900-005,0.7394219636917114
6703500-044,6703500-011,1.4750218391418457
6700900-011,6701000-004,3.2553367614746094
6703100-015,6702700-001,0.932392954826355
6702400-002,6702500-009,6.2091240882873535
6701200-013,6701500-002,2.1853294372558594
6701700-012,6701700-001,2.6571874618530273
6703200-025,6703200-020,0.8931678533554077
6700700-004,6700700-014,1.5925250053405762
6703000-002,6703000-008,4.889845371246338
6703200-034,6703200-025,0.8981371521949768
6703300-033,6703300-023,1.6948072910308838
6701500-004,6701500-005,2.961005449295044
6701700-004,6701700-002,3.3354175090789795
6700700-027,6701400-006,2.8853600025177
6701800-013,6701800-007,1.6377791166305542
6701500-016,6701500-015,2.5930020809173584
6701800-006,6701800-004,1.4058101177215576
6703400-008,6703400-003,0.6194216012954712
6702700-013,6703200-012,1.1357338428497314
6700300-022,6700300-021,4.117763519287109
6701400-002,6701400-011,1.3923362493515015
6703400-038,6703100-005,0.9527658820152283
6700400-007,6700400-002,2.4108457565307617
6703100-036,6703100-010,1.9544286727905273
6700400-010,6700400-007,3.0043704509735107
6700400-009,6700400-011,3.4672558307647705
6703700-014,6703700-002,0.24441586434841156
6703200-018,6703200-030,0.22486120462417603
6701400-002,6702100-014,1.6177690029144287
6703200-017,6703200-034,0.8463413715362549
6703200-003,6702700-009,2.8503575325012207
6702800-013,6702800-005,1.5239726305007935
6701100-004,6702200-001,2.5564095973968506
6703500-013,6703500-014,1.0951963663101196
6703500-032,6703500-027,2.6852223873138428
6703700-010,6703700-004,0.43065398931503296
6700500-011,6700500-013,3.2831273078918457
6700700-015,6700700-014,1.7424670457839966
6703200-010,6703200-031,0.6945536732673645
6702700-005,6702700-007,2.4394192695617676
6701500-013,6701200-005,2.164119243621826
6703500-027,6703500-033,1.573883056640625
6703600-001,6703600-012,1.3014845848083496
6703700-024,6703700-023,0.24369345605373383
6703500-005,6702100-010,1.9594037532806396
6703100-016,6703100-014,1.2313820123672485
6702600-001,6702200-007,2.5523645877838135
6703100-001,6703400-027,0.8764631152153015
6701900-015,6701900-001,2.0844147205352783
6703100-028,6703100-024,0.8217662572860718
6703400-037,6703400-020,0.5042165517807007
6703100-012,6703100-016,1.6377416849136353
6701300-012,6700200-022,3.707632064819336
6701500-019,6701500-016,2.96396803855896
6701500-022,6701500-021,4.832093238830566
6700600-003,6700300-002,2.284860610961914
6700200-006,6700200-004,0.3856860399246216
6703400-030,6703400-017,0.4514910876750946
6701300-004,6700200-023,2.146181106567383
6702400-005,6702300-003,2.435556173324585
6701500-015,6701500-018,1.9838573932647705
6703700-002,6703700-018,0.4225561022758484
6703100-031,6703400-027,0.4655323326587677
6703400-023,6703400-014,0.47792112827301025
6700100-006,6700100-005,0.3208797574043274
6700200-018,6700200-014,1.702756643295288
6703400-007,6703400-006,0.3875066339969635
6700200-021,6700200-019,1.9746358394622803
6702800-001,6702800-021,0.8108662366867065
6700500-021,6700500-017,2.0555853843688965
6703300-027,6703700-032,0.7489281296730042
6701900-015,6701900-014,1.6402814388275146
6703500-035,6703500-028,3.091207981109619
6700300-007,6700300-008,1.9493157863616943
6700600-012,6700600-006,5.549422264099121
6702500-005,6702500-002,4.1012983322143555
6703100-035,6703400-038,0.4484873414039612
6701000-002,6700900-006,2.2815277576446533
6703500-031,6703500-030,2.7422871589660645
6702400-005,6702400-006,3.753324508666992
6702600-008,6702600-003,3.083003044128418
6703500-030,6703500-034,2.5337159633636475
6703700-027,6703700-024,0.5162795782089233
6700800-003,6700800-005,2.0152080059051514
6701600-010,6701700-007,3.054311752319336
6700900-007,6700900-003,2.695319652557373
6703000-005,6702900-014,6.3438825607299805
6701900-003,6701900-017,2.9640157222747803
6703100-013,6702800-016,1.922843337059021
6700500-002,6700500-017,3.12758469581604
6701700-010,6701600-015,3.726482391357422
6701300-006,6701300-004,1.819279432296753
6700800-003,6700200-025,1.4081028699874878
6700400-013,6700900-011,3.9205048084259033
6702500-005,6702600-006,6.100632190704346
6701000-002,6701000-007,2.638594150543213
6701400-005,6701400-001,2.5003576278686523
6702900-009,6703000-001,4.246181011199951
6701900-010,6702100-001,1.598880410194397
6701800-016,6702900-005,3.9063189029693604
6701300-002,6701300-006,2.818942070007324
6703400-013,6703400-039,0.47200995683670044
6703100-029,6703100-036,1.7410430908203125
6703200-009,6703200-010,0.5916364192962646
6700100-009,6700100-006,1.5825729370117188
6700100-012,6700100-011,1.3088527917861938
6700600-001,6700300-009,2.876610040664673
6700700-026,6702100-001,2.3802502155303955
6703000-002,6702600-007,4.294586658477783
6700700-025,6700700-007,2.249800443649292
6703300-020,6703300-018,1.7283037900924683
6701400-003,6701400-012,2.346285104751587
6700100-023,6700100-025,1.2047020196914673
6703200-036,6703200-005,0.4938123822212219
6700300-013,6700300-014,1.954986572265625
6700500-009,6700100-016,3.051952838897705
6703200-043,6702700-002,1.8129441738128662
6703100-027,6703100-003,1.0681275129318237
6701800-020,6702600-001,3.6319377422332764
6701400-003,6702100-015,1.509109377861023
6703600-004,6703600-002,1.8511688709259033
6703200-008,6703200-027,0.5260254740715027
6703700-038,6703300-027,0.5420371890068054
6703500-023,6703500-020,1.857679009437561
6702600-007,6702600-006,3.7377939224243164
6700700-006,6700700-007,0.6330410838127136
6701200-018,6701400-012,2.6096887588500977
6701600-009,6701700-010,2.2869977951049805
6703200-004,6703200-029,0.532427191734314
6700100-023,6700200-009,2.0327138900756836
6702700-008,6702700-010,2.1182451248168945
6703300-012,6703300-032,1.334388256072998
6700400-005,6700100-025,2.601733446121216
6702700-011,6702700-015,1.7817776203155518
6701200-004,6701200-003,1.3412132263183594
6703700-008,6703700-013,0.3240586519241333
6700700-013,6700700-023,1.5498688220977783
6702100-002,6700700-026,1.7922453880310059
6701100-007,6701100-010,3.7374379634857178
6702900-008,6703000-004,3.68438982963562
6701500-021,6703500-033,2.1121931076049805
6703700-026,6703700-003,0.2935508191585541
6703400-021,6703400-010,0.5605209469795227
6700200-019,6700200-015,2.517669677734375
6700400-011,6700400-004,3.374354124069214
6701400-010,6703500-022,2.6728761196136475
6703400-029,6703700-021,0.5953128337860107
6701800-012,6701800-008,0.36758536100387573
6702900-013,6702800-011,4.495647430419922
6703300-037,6703300-038,0.39823317527770996
6701000-005,6701100-008,3.898447036743164
6703500-001,6703100-009,2.2736706733703613
6700300-005,6700500-004,2.659295082092285
6701900-006,6701900-007,1.147630214691162
6701200-019,6701200-001,1.5267027616500854
6700200-004,6700200-013,2.555248498916626
6703500-029,6703500-026,2.268801212310791
6700500-005,6700500-007,3.216343402862549
6702400-003,6702400-002,4.0153021812438965
6703100-037,6703100-020,0.7876842021942139
6703500-022,6703500-023,1.4001092910766602
6703200-019,6703200-040,0.8587121963500977
6703700-018,6703700-017,0.5352591276168823
6700700-023,6700700-027,2.4392006397247314
6703700-037,6703700-030,0.2681392729282379
6703400-039,6703400-013,0.47200995683670044
6700400-012,6700900-003,3.5131990909576416
6703300-027,6703300-006,0.7160150408744812
6703700-011,6703700-014,0.5742490887641907
6700800-006,6700800-008,2.2043468952178955
6703300-030,6703300-011,0.6759620308876038
6703500-025,6701500-018,2.7850120067596436
6703400-032,6703400-010,0.7079719305038452
6703400-012,6703400-031,0.45303982496261597
6701300-009,6700200-021,3.0167646408081055
6703500-037,6703100-029,1.6627788543701172
6703700-025,6703700-033,0.5834149718284607
6700800-001,6700800-014,2.292529344558716
6701500-010,6701200-017,2.440438747406006
6701600-005,6701600-002,1.6515944004058838
6701500-005,6701600-018,3.0934157371520996
6703300-018,6703300-014,1.6570299863815308
6700800-013,6700900-009,2.5005974769592285
6700300-009,6700300-001,2.226924180984497
6701900-019,6701900-016,2.840073585510254
6703400-027,6703100-031,0.4655323326587677
6701300-007,6701600-007,1.5305469036102295
6703700-036,6703700-020,0.41735607385635376
6701700-001,6701700-003,2.0928173065185547
6702000-007,6701900-021,2.3174564838409424
6701900-012,6701900-013,1.1387726068496704
6700200-021,6701300-009,3.0167646408081055
6700300-004,6700300-007,2.919863224029541
6703000-005,6702600-010,6.5665435791015625
6700300-023,6700300-020,3.1110341548919678
6703500-051,6703500-040,0.8644389510154724
6703500-009,6703500-043,1.2050753831863403
6700600-009,6700600-005,4.543246269226074
6701600-012,6701600-018,4.074726104736328
6700700-012,6700700-002,1.9964967966079712
6703500-012,6703500-048,1.2676819562911987
6700300-016,6700300-017,1.3153119087219238
6702000-002,6702000-006,2.387836217880249
6703200-042,6703200-013,0.5808679461479187
6702400-002,6702400-005,5.168978214263916
6702600-005,6702600-002,3.3115410804748535
6702900-017,6702900-004,2.155353546142578
6703600-014,6703600-008,0.5755506157875061
6700700-004,6700700-003,0.48374059796333313
6700100-003,6700100-017,2.044435501098633
6701200-016,6701400-008,2.3227579593658447
6703000-003,6702900-009,2.211265802383423
6700900-004,6700900-002,1.642335057258606
6702100-003,6702100-005,1.745060920715332
6701300-013,6701700-009,2.536834716796875
6702500-007,6702500-008,4.278574466705322
6700400-001,6700100-012,2.4361937046051025
6703600-007,6703600-005,0.9544008374214172
6703300-033,6703300-012,0.7202944755554199
6703300-010,6703300-028,0.8254687190055847
6702900-011,6702900-010,1.2191777229309082
6703500-019,6703600-013,2.6876559257507324
6703300-013,6703300-033,0.5781877636909485
6700300-004,6700300-020,1.3386539220809937
6703000-007,6703000-004,5.85034704208374
6703600-002,6703600-011,1.8735216856002808
6701900-004,6702000-006,2.2413976192474365
6703100-001,6703100-005,0.896551251411438
6700100-012,6700400-001,2.4361937046051025
6702800-018,6702700-006,2.2633488178253174
6700100-025,6700100-018,1.5992430448532104
6700900-004,6701000-003,1.2675151824951172
6703300-006,6703700-003,0.4039434790611267
6701800-010,6701800-004,1.336423635482788
6701800-013,6701800-009,1.2710320949554443
6703100-031,6703100-005,0.9043740630149841
6700400-005,6700400-002,2.0025668144226074
6700700-015,6700700-003,2.579724073410034
6701800-003,6701800-001,2.1336820125579834
6702700-016,6703300-038,3.0306220054626465
6703300-001,6703700-009,0.5215795636177063
6703700-023,6703400-041,0.7738928198814392
6703200-013,6703200-025,0.5126744508743286
6703300-028,6703300-031,1.3378474712371826
6700200-003,6700200-005,0.5058457255363464
6701200-004,6701500-012,2.879931926727295
6700300-022,6700300-023,1.678588628768921
6703200-036,6703700-001,0.687365710735321
6702100-016,6702100-014,1.871532678604126
6703200-022,6703200-030,0.8981627225875854
6702800-018,6702800-001,0.787312388420105
6701800-017,6701800-020,3.0508480072021484
6701800-001,6701800-012,0.7818063497543335
6702100-009,6702100-011,1.819931149482727
6702300-005,6702300-001,3.9935834407806396
6703200-040,6703200-020,0.6240734457969666
6700700-003,6700700-006,1.1350877285003662
6703400-038,6703400-005,0.6991667151451111
6702800-013,6702800-007,1.7490304708480835
6701100-004,6702200-003,1.041667103767395
6703600-003,6703500-017,1.1916718482971191
6701400-004,6700700-027,1.4044333696365356
6700100-022,6700400-005,1.8749465942382812
6701500-022,6701500-010,5.363382339477539
6702800-006,6702800-004,0.8923012614250183
6703700-009,6703700-010,0.6705811619758606
6703700-028,6703700-023,0.6266537308692932
6702200-006,6701100-004,3.073737382888794
6701100-008,6701100-007,4.625307559967041
6702300-002,6701100-009,4.784736156463623
6703100-026,6703100-024,0.5114298462867737
6703200-006,6703200-035,0.8865219950675964
6703500-027,6703500-035,4.028293609619141
6703700-002,6703700-007,0.5270466804504395
6703700-021,6703700-020,0.3130025267601013
6703600-001,6703600-014,0.9559303522109985
6703200-005,6703200-039,0.6927425861358643
6703700-024,6703700-025,0.27145007252693176
6701200-010,6701200-007,1.6933273077011108
6703500-005,6702100-012,1.030908465385437
6703100-019,6703100-021,0.5952451229095459
6700300-017,6700500-005,2.2763478755950928
6703400-019,6703400-005,0.40769436955451965
6700700-013,6701900-013,2.7176802158355713
6701900-015,6701900-003,1.339441180229187
6701500-019,6701500-018,1.9495166540145874
6703100-035,6703400-027,0.6593501567840576
6701500-022,6701500-023,3.812886953353882
6701600-018,6701600-013,4.138028621673584
6703300-009,6703300-007,0.8907802700996399
6703700-028,6703700-036,0.4352380335330963
6700200-025,6700200-019,2.3819515705108643
6700300-019,6700300-007,3.5606887340545654
6702400-005,6702300-005,4.52131462097168
6701400-008,6701200-016,2.3227579593658447
6701500-015,6701500-020,2.210542678833008
6703300-002,6703300-004,0.42163944244384766
6700100-006,6700100-007,0.8995770215988159
6701600-010,6701600-014,1.6286725997924805
6703400-007,6703400-008,0.3693663775920868
6701300-011,6701200-008,2.393062114715576
6703200-044,6703100-019,1.054978847503662
6702300-008,6702300-002,2.5653326511383057
6703500-026,6703500-025,1.4418344497680664
6700500-021,6700500-019,3.7973241806030273
6701600-003,6701600-011,1.428412675857544
6700800-015,6700800-004,0.8650947213172913
6701700-001,6701300-003,4.588037014007568
6700300-007,6700300-010,4.435156345367432
6703400-037,6703400-035,0.3859904706478119
6703500-035,6703500-030,2.640007257461548
6701400-007,6700700-028,2.650233507156372
6703400-026,6703700-033,0.986194908618927
6700600-012,6700600-008,3.9218692779541016
6702500-005,6702500-004,5.795093536376953
6703200-016,6703200-039,0.5824211835861206
6703500-015,6703500-051,0.9644105434417725
6700600-011,6700600-012,3.782761812210083
6702800-012,6702800-010,3.146869659423828
6702900-010,6702900-002,1.5199652910232544
6702100-001,6701900-006,2.1105575561523438
6701000-002,6700900-008,3.2045230865478516
6701800-016,6702800-015,3.9029576778411865
6701000-009,6701900-014,2.259705066680908
6700800-003,6700800-007,1.9278136491775513
6700900-007,6700900-005,3.1111106872558594
6702900-002,6702900-003,1.0143715143203735
6701600-007,6701300-006,2.75185227394104
6703300-036,6703300-015,1.6562579870224
6703500-045,6703500-051,0.5782094597816467
6702900-014,6702900-013,2.4478657245635986
6703400-040,6703400-023,0.8844941854476929
6703000-001,6703000-002,2.7422425746917725
6700900-002,6700900-011,3.2473556995391846
6701400-012,6701400-006,1.8033829927444458
6702500-005,6702600-008,5.78254508972168
6702900-009,6703000-003,2.211265802383423
6701300-002,6701300-008,1.8410143852233887
6700100-009,6700100-008,1.2829663753509521
6700100-028,6700100-021,1.4828680753707886
6702900-002,6702900-017,1.781908392906189
6701800-004,6701800-002,2.372645616531372
6703400-006,6703400-038,0.4800598621368408
6700700-026,6702100-003,2.7199995517730713
6703200-002,6703200-009,0.46362096071243286
6703100-008,6702000-004,2.825697422027588
6703000-002,6702600-009,5.7420525550842285
6703300-001,6703200-015,0.7458522319793701
6701700-010,6701700-012,3.5350449085235596
6700100-004,6700100-014,0.665549099445343
6700300-013,6700300-016,2.0397298336029053
6701200-011,6701300-011,0.8362274169921875
6702600-002,6702600-001,1.9418941736221313
6703200-043,6702700-004,1.307327151298523
6703200-015,6703300-024,0.43012160062789917
6703400-008,6703200-023,0.7403210401535034
6702200-003,6702200-001,2.3427281379699707
6703500-011,6703500-012,0.9627167582511902
6700600-010,6700600-015,6.738166809082031
6700700-013,6700700-012,1.4043762683868408
6701300-003,6701700-005,3.2578747272491455
6703200-024,6703200-010,0.6602265238761902
6702700-002,6703100-013,1.8045097589492798
6700700-006,6700700-009,1.2806237936019897
6703700-009,6703200-016,0.7402276992797852
6703100-029,6703500-006,1.6359615325927734
6703300-019,6703300-037,1.0011731386184692
6701800-010,6703100-006,2.2745370864868164
6703000-004,6703000-003,2.4172940254211426
6703700-003,6703700-008,0.40863579511642456
6701000-012,6701000-013,2.379067897796631
6701100-002,6701100-005,1.414920449256897
6702700-011,6702700-017,2.622253179550171
6701200-004,6701200-005,1.6515908241271973
6701400-011,6701400-009,2.6194334030151367
6703200-026,6702700-013,1.4098862409591675
6701200-003,6701400-012,2.464757204055786
6700700-013,6700700-025,2.281186580657959
6701800-007,6701800-003,1.8471734523773193
6701000-001,6701000-012,2.669404983520508
6702900-008,6703000-006,5.183938503265381
6703100-022,6703100-024,0.4230031371116638
6702900-001,6702800-003,1.9004765748977661
6703400-005,6703400-004,0.7287724018096924
6700200-024,6700800-004,2.3724403381347656
6703700-019,6703700-002,0.27772703766822815
6701900-013,6701900-012,1.1387726068496704
6702200-006,6702200-002,3.486610174179077
6700900-010,6700800-010,3.269111156463623
6700700-019,6700700-018,1.1322776079177856
6700800-009,6700800-002,2.903024911880493
6701900-006,6701900-009,2.4385547637939453
6702700-006,6702800-018,2.2633488178253174
6702200-002,6702200-004,1.328468680381775
6701300-011,6700700-021,2.4754884243011475
6703500-029,6703500-028,0.782302737236023
6700600-003,6700600-001,1.2461966276168823
6700700-028,6700700-023,1.9282833337783813
6702400-003,6702400-004,5.498778820037842
6703400-002,6703400-012,0.5346431136131287
6703100-037,6703100-022,1.2862480878829956
6703700-025,6703700-022,0.574546217918396
6701500-020,6703500-025,2.457505941390991
6701900-001,6701900-015,2.0844147205352783
6703500-047,6703500-018,1.8217582702636719
6702500-008,6702500-007,4.278574466705322
6703300-034,6703300-011,0.8335281014442444
6702800-015,6702800-013,2.523390293121338
6700700-023,6700700-029,0.5151500701904297
6703700-037,6703700-032,0.2818801701068878
6703400-039,6703400-015,0.5876136422157288
6700900-001,6700900-003,0.6005216240882874
6701100-008,6702400-001,5.663158416748047
6700800-006,6700800-010,1.2863318920135498
6703300-030,6703300-013,0.7792006134986877
6703500-025,6701500-020,2.457505941390991
6703500-049,6703400-026,1.3844319581985474
6701500-014,6701200-017,1.1134955883026123
6703700-032,6703700-038,0.30699479579925537
6701300-009,6700200-023,2.097057819366455
6701700-013,6701700-002,4.242228984832764
6703200-007,6703200-045,1.0914850234985352
6703300-003,6703300-001,0.8819510340690613
6703700-020,6703400-029,0.2846670150756836
6700200-022,6700200-018,2.920537233352661
6701600-005,6701600-004,1.6889145374298096
6701300-011,6701600-007,2.3003666400909424
6703500-024,6703500-047,2.597153663635254
6703300-018,6703300-016,1.7239816188812256
6700100-003,6700100-006,1.126711368560791
6700300-009,6700300-003,2.3704843521118164
6703400-025,6703500-050,1.074808120727539
6701900-016,6701900-013,2.911456346511841
6702100-003,6702000-005,2.9122650623321533
6701200-007,6701200-019,2.0747718811035156
6701900-019,6701900-018,1.8395377397537231
6703700-036,6703700-022,0.5229097604751587
6701700-001,6701700-005,2.4233286380767822
6701000-004,6700900-001,2.9961862564086914
6702000-007,6702000-002,3.3003385066986084
6703200-027,6703100-039,0.6368557810783386
6702000-010,6702000-007,2.3294687271118164
6700300-023,6700300-022,1.678588628768921
6700600-006,6700600-002,2.1039977073669434
6702000-009,6702000-011,2.836838483810425
6700600-009,6700600-007,4.6042656898498535
6700700-012,6700700-004,1.7261204719543457
6700900-009,6700800-013,2.5005974769592285
6701600-014,6701700-011,3.296917200088501
6700600-002,6700600-004,1.7640126943588257
6702400-002,6702400-007,4.355608940124512
6702600-005,6702600-004,1.8042631149291992
6700700-004,6700700-005,0.39172881841659546
6703000-003,6702900-011,2.599696636199951
6703200-018,6703200-008,0.8097524046897888
6703700-036,6703700-035,0.3258717656135559
6703300-010,6703300-030,0.7920404672622681
6703200-011,6703200-005,0.6225273609161377
6703200-030,6703200-018,0.22486120462417603
6702900-004,6702900-009,1.51643705368042
6703600-002,6703600-013,1.4258173704147339
6703500-044,6703500-015,0.9779903292655945
6703200-003,6703200-006,0.9066222310066223
6701700-012,6701700-005,1.7722346782684326
6700900-004,6701000-005,5.676015377044678
6703200-015,6703200-016,0.2574782073497772
6702000-011,6701800-003,2.7886927127838135
6701700-004,6701700-006,1.9497919082641602
6700700-022,6700700-008,2.111708402633667
6701800-010,6701800-006,1.2826536893844604
6703100-001,6703400-005,0.7631010413169861
6701700-007,6701700-011,1.6469178199768066
6703400-043,6703600-015,1.0920659303665161
6703500-013,6703500-005,2.0775387287139893
6700400-005,6700400-004,3.166311740875244
6702200-007,6702200-003,2.4706308841705322
6703400-008,6703400-007,0.3693663775920868
6700200-003,6700200-007,0.38207393884658813
6703500-006,6703500-002,1.7646070718765259
6701800-005,6701800-012,0.6280038952827454
6700500-004,6700500-001,3.193730354309082
6703200-003,6703200-019,1.2448567152023315
6702700-017,6702700-008,2.9762234687805176
6703100-031,6703400-005,0.40191012620925903
6703700-005,6703700-001,0.4374932646751404
6700700-029,6700700-024,1.834402322769165
6701600-001,6701500-001,2.0431253910064697
6701800-001,6701800-014,2.2677643299102783
6703500-020,6703500-021,1.2385766506195068
6702700-012,6702700-014,1.0592416524887085
6701100-004,6702200-005,3.3948862552642822
6703200-001,6703200-030,0.5437789559364319
6703500-013,6703500-018,1.9640763998031616
6701200-005,6701200-002,2.1539206504821777
6701000-010,6701900-013,2.2656266689300537
6703200-013,6703200-040,0.6643646359443665
6701100-008,6701100-009,4.922784328460693
6702700-012,6703200-033,2.265153169631958
6701500-015,6701500-009,3.1311540603637695
6703700-005,6703700-014,0.5204540491104126
6703700-024,6703700-027,0.5162795782089233
6703500-043,6703500-018,1.8388909101486206
6703100-035,6703100-031,0.8118529319763184
6700200-025,6700800-001,2.3378517627716064
6701200-007,6700700-019,2.505166530609131
6701900-021,6702200-001,2.7906155586242676
6703100-010,6703500-037,2.286151170730591
6701500-010,6701500-015,2.483625650405884
6701600-006,6701600-005,1.8861558437347412
6703500-035,6703500-019,2.770038366317749
6701200-005,6701200-015,1.3274141550064087
6701500-019,6701500-020,1.0769981145858765
6702800-015,6703100-023,2.6551034450531006
6703500-015,6703500-040,1.5862959623336792
6703200-035,6703200-041,0.2960145175457001
6700200-006,6700200-008,0.8650942444801331
6703400-030,6703400-021,0.38891705870628357
6700300-003,6700300-001,1.3344929218292236
6701900-010,6701900-011,1.7807289361953735
6701400-008,6701200-018,1.0372031927108765
6702600-008,6702500-003,4.728370666503906
6703400-018,6703700-023,0.855839729309082
6703100-026,6703100-039,0.6534026265144348
6700700-019,6701200-007,2.505166530609131
6700700-010,6700800-008,1.7899203300476074
6701300-011,6701200-010,1.6230360269546509
6702700-005,6703200-043,2.0100414752960205
6701900-003,6701900-008,2.356779098510742
6702300-008,6702300-004,4.800606727600098
6703500-026,6703500-027,1.6981977224349976
6700500-002,6700500-008,2.728217840194702
6703500-045,6703500-040,1.301698923110962
6701600-003,6701600-013,2.8474886417388916
6700800-015,6700800-006,1.9459294080734253
6700300-007,6700300-012,6.572219371795654
6703600-015,6703700-033,0.8752984404563904
6700100-026,6700200-016,1.7213878631591797
6703500-038,6703500-037,0.837087094783783
6702300-003,6702300-010,1.7928160429000854
6702500-005,6702500-006,2.677379608154297
6700600-011,6700600-014,3.8538284301757812
6703300-031,6703300-010,1.1568865776062012
6702900-010,6702900-004,1.0160330533981323
6701100-003,6701900-019,3.239579677581787
6702100-001,6701900-008,2.6610140800476074
6703500-040,6703500-046,0.9436621069908142
6700800-010,6700800-012,1.7339736223220825
6703600-007,6703700-034,0.9858179688453674
6703200-009,6703200-001,0.2756410241127014
6703500-049,6703500-051,1.6561753749847412
6701000-009,6701900-016,3.1443769931793213
6703700-027,6703700-028,0.23563282191753387
6700600-007,6700600-016,2.675067186355591
6702700-014,6703300-023,1.2099543809890747
6700100-012,6700100-002,1.2755277156829834
6703500-046,6703400-025,1.2132433652877808
6702900-002,6702900-005,1.1878515481948853
6703400-001,6703100-035,0.39910006523132324
6703400-006,6703400-027,0.2743801474571228
6702900-005,6702900-010,1.5204057693481445
6703400-025,6703400-040,0.7712812423706055
6703400-040,6703400-025,0.7712812423706055
6702100-013,6703500-048,2.434242010116577
6701400-012,6701400-008,1.5725648403167725
6703300-012,6703300-010,0.6227084398269653
6700800-010,6700900-010,3.269111156463623
6700100-019,6700100-018,1.1379764080047607
6700300-006,6700300-002,2.2409629821777344
6701800-011,6702000-003,3.056440591812134
6701300-002,6701300-010,2.802896499633789
6700100-009,6700100-010,1.655301570892334
6702700-009,6703200-003,2.8503575325012207
6700100-012,6700100-015,0.7030680775642395
6703300-026,6703300-029,1.0891257524490356
6701900-014,6701000-006,2.8432042598724365
6700300-020,6700300-021,2.1073708534240723
6701000-010,6700700-012,2.4076898097991943
6702700-018,6702700-009,3.2750115394592285
6703000-004,6702900-008,3.68438982963562
6700300-013,6700300-018,2.9292781352996826
6703200-020,6703200-001,0.34971529245376587
6700400-008,6700400-007,2.3008434772491455
6702100-007,6702100-009,1.2049593925476074
6701600-002,6701500-002,2.3718442916870117
6702600-002,6702600-003,2.987074375152588
6700500-011,6700100-029,2.610013008117676
6700700-020,6700700-017,1.9419949054718018
6701000-005,6700900-011,3.4915971755981445
6701500-018,6701400-011,2.5646045207977295
6702700-004,6702700-003,1.885644555091858
6703200-008,6703200-031,0.3847590684890747
6701100-007,6701100-001,3.4798667430877686
6703400-028,6703400-041,0.5367225408554077
6703200-043,6703200-025,1.0139309167861938
6700700-006,6700700-011,0.9434049725532532
6702700-015,6702700-017,4.0605244636535645
6702700-001,6703200-017,1.9089139699935913
6703000-004,6703000-005,4.732154846191406
6703700-003,6703700-010,0.5730909109115601
6701100-002,6701100-007,2.813061237335205
6701500-006,6701500-002,4.946874618530273
6702200-007,6701800-018,2.5778748989105225
6700100-022,6700100-019,1.7578704357147217
6703400-017,6703400-003,0.5676649808883667
6700200-012,6700200-003,1.2500792741775513
6701200-001,6701200-002,0.5696814656257629
6703300-023,6702700-012,2.021332263946533
6701800-007,6701800-005,0.27474719285964966
6703400-012,6703400-009,0.5138347744941711
6701600-013,6701500-002,2.6306838989257812
6701400-011,6702100-014,2.4412693977355957
6703400-002,6703400-001,0.37420156598091125
6703400-005,6703400-006,0.38155364990234375
6703500-022,6703500-014,1.5785597562789917
6700500-017,6700500-008,2.589897871017456
6701900-001,6701900-004,2.2061691284179688
6701000-009,6700700-015,1.9704277515411377
6703700-037,6703700-021,0.5398668646812439
6701900-013,6701900-014,1.667949914932251
6702200-006,6702200-004,2.1808817386627197
6703600-008,6703500-017,1.8751415014266968
6703100-010,6703100-029,1.0457912683486938
6703200-012,6703200-028,0.8104000687599182
6700500-012,6700500-014,1.5024564266204834
6700700-019,6700700-020,1.4635417461395264
6702800-010,6702800-008,2.521350145339966
6703200-041,6702700-013,1.0645066499710083
6703400-009,6703400-017,0.31464219093322754
6703400-012,6703400-022,0.6421937346458435
6702300-003,6701100-008,4.608225345611572
6703500-029,6703500-030,1.5199156999588013
6703100-002,6703100-030,1.0332484245300293
6700700-028,6700700-025,1.5425950288772583
6702400-003,6702400-006,8.066936492919922
6700100-027,6700100-002,1.1614084243774414
6703200-007,6703200-034,0.8082186579704285
6700800-002,6700800-001,1.2464996576309204
6702800-003,6702800-005,1.5751748085021973
6703700-025,6703700-024,0.27145007252693176
6700800-001,6700800-005,1.1780580282211304
6703400-005,6703400-019,0.40769436955451965
6703500-047,6703500-020,1.4554542303085327
6701300-012,6701300-003,3.964005708694458
6703200-041,6703200-032,0.8225821852684021
6702900-017,6702800-003,2.2135589122772217
6703300-034,6703300-013,0.3941163718700409
6700800-013,6700800-015,1.9809613227844238
6703700-004,6703300-005,0.5752855539321899
6700700-007,6700700-023,1.667500615119934
6700900-001,6700900-005,1.291688323020935
6701200-007,6701200-008,1.7295312881469727
6703100-013,6703100-017,1.483707308769226
6703100-032,6703100-030,0.7986434102058411
6700800-001,6700200-025,2.3378517627716064
6700100-015,6700100-005,1.1412101984024048
6703500-042,6703400-025,0.9043514728546143
6702600-007,6701800-019,4.250392913818359
6700100-007,6700100-006,0.8995770215988159
6700200-022,6700200-020,1.5802117586135864
6703100-039,6703200-007,0.8125495314598083
6700400-013,6700600-009,2.79762864112854
6700100-003,6700100-008,0.8850868940353394
6701900-016,6701900-015,1.496077537536621
6701900-019,6701900-020,2.392127275466919
6701000-004,6700900-003,2.3977761268615723
6701400-007,6701200-019,2.3365955352783203
6701800-018,6702600-001,3.557705879211426
6703400-015,6703400-023,0.2376149594783783
6703400-034,6703400-036,0.2069714516401291
6703500-051,6703500-044,0.7602325677871704
6700300-023,6700300-024,1.6043781042099
6700600-006,6700600-004,3.6229074001312256
6700700-009,6700700-001,0.8450452089309692
6702500-002,6702500-005,4.1012983322143555
6702000-002,6702000-010,1.4954744577407837
6700500-004,6700300-014,1.6965476274490356
6700600-002,6700600-006,2.1039977073669434
6703200-022,6703200-008,0.6024738550186157
6702600-005,6702600-006,1.4932000637054443
6703700-035,6703400-029,0.3954085111618042
6703500-046,6703500-050,0.5897449851036072
6703200-025,6703200-013,0.5126744508743286
6700700-004,6700700-007,1.321239948272705
6703600-014,6703600-012,1.0128512382507324
6700900-004,6700900-006,1.5158226490020752
6701000-011,6701000-007,2.9587721824645996
6703000-002,6703000-001,2.7422425746917725
6703200-015,6703200-005,0.5699228048324585
6703200-018,6703200-010,0.44079506397247314
6703500-006,6703100-036,1.2792071104049683
6703600-007,6703600-009,1.2054378986358643
6700200-008,6700100-019,1.8124327659606934
6700800-012,6700700-010,1.9967161417007446
6703200-029,6703200-024,0.8489313125610352
6702900-004,6702900-011,1.0463494062423706
6701900-013,6700700-013,2.7176802158355713
6700700-027,6702100-002,2.7267091274261475
6702100-016,6702100-005,2.046351909637451
6700100-025,6700100-022,1.9945945739746094
6701200-016,6701500-013,0.9979285597801208
6701800-001,6701800-003,2.1336820125579834
6700500-010,6700100-017,2.3473594188690186
6700100-004,6700400-006,1.378988265991211
6701500-004,6701500-011,1.9442087411880493
6703600-013,6703600-002,1.4258173704147339
6701800-010,6701800-008,1.2132753133773804
6700800-011,6701000-008,3.0301194190979004
6700100-020,6700100-028,1.5237295627593994
6700400-002,6700400-001,0.6187335252761841
6700500-008,6700500-001,3.286977529525757
6700400-005,6700400-006,2.3971750736236572
6703200-010,6703200-024,0.6602265238761902
6703300-028,6703300-035,0.407206654548645
6702700-017,6702700-010,3.1533477306365967
6703500-027,6703500-026,1.6981977224349976
6700500-003,6700500-007,3.049177408218384
6703200-006,6703200-026,0.47484296560287476
6701800-001,6701800-016,3.443272829055786
6703500-001,6703500-010,2.305692195892334
6702200-001,6701100-001,3.1833322048187256
6703500-020,6703500-023,1.857679009437561
6703200-040,6703200-024,0.6421332359313965
6703700-017,6703700-013,0.3815041780471802
6702700-012,6702700-016,2.6865668296813965
6703100-009,6703100-004,2.314283609390259
6701200-008,6701600-004,2.0771219730377197
6703300-016,6703300-038,1.2082188129425049
6701200-005,6701200-004,1.6515908241271973
6701500-019,6701500-009,2.959960699081421
6702800-015,6703100-012,2.666264533996582
6701500-003,6701500-001,1.3724700212478638
6702800-006,6702800-008,1.6779347658157349
6703200-013,6703200-042,0.5808679461479187
6703700-028,6703700-027,0.23563282191753387
6703100-004,6703100-010,1.7744386196136475
6702000-008,6702200-002,2.2336742877960205
6703700-002,6703700-011,0.49086374044418335
6701600-010,6701600-005,1.8944361209869385
6702800-001,6702800-014,1.6691420078277588
6703100-016,6703100-020,1.2216190099716187
6701800-014,6703100-023,1.0676332712173462
6700300-014,6700500-004,1.6965476274490356
6703100-019,6703100-025,1.0499364137649536
6700200-025,6700800-003,1.4081028699874878
6701200-007,6700700-021,2.5387556552886963
6701600-003,6701600-002,1.084926724433899
6701500-010,6701500-017,3.481271982192993
6701600-006,6701600-007,1.4192094802856445
6701900-015,6701900-007,2.54584002494812
6701500-001,6701200-014,1.1889961957931519
6703400-026,6703700-024,1.2550945281982422
6703300-009,6703300-011,0.4343811571598053
6703400-011,6703400-010,0.2770072817802429
6701300-005,6701600-007,1.98234224319458
6701200-020,6701200-002,2.748467445373535
6700200-009,6700200-015,1.5163735151290894
6702600-008,6702500-005,5.78254508972168
6703500-030,6703500-027,2.079087018966675
6703400-018,6703700-025,0.5343231558799744
6703500-049,6703500-040,1.144775629043579
6703500-033,6703500-032,1.860744833946228
6703100-011,6703400-024,0.7810259461402893
6702000-001,6702000-002,0.792105495929718
6703500-026,6703500-029,2.268801212310791
6703300-027,6703700-038,0.5420371890068054
6702300-010,6702400-005,4.10746955871582
6703300-039,6703300-011,1.093682050704956
6700100-010,6700500-012,2.4631927013397217
6702600-003,6702600-002,2.987074375152588
6703400-018,6703400-026,0.774355411529541
6703000-001,6702900-009,4.246181011199951
6702900-007,6702900-001,1.540278673171997
6700300-009,6700600-002,3.352400064468384
6703400-006,6703100-031,0.652474582195282
6703300-031,6703300-012,1.1965041160583496
6702900-010,6702900-006,2.94008731842041
6702100-001,6701900-010,1.598880410194397
6703700-034,6703700-033,1.1115434169769287
6702900-009,6702900-010,0.8495895862579346
6701300-004,6701700-006,4.671863555908203
6700100-028,6700100-012,1.518811821937561
6700100-012,6700100-004,0.5567345023155212
6702900-002,6702900-007,2.244253635406494
6703000-005,6703000-004,4.732154846191406
6703400-025,6703400-042,0.5596363544464111
6703500-039,6703400-024,0.6364316940307617
6701400-003,6701400-005,2.198570728302002
6701600-009,6701600-008,1.1864502429962158
6700100-023,6700100-018,1.169425129890442
6703700-022,6703700-036,0.5229097604751587
6701300-006,6701300-010,3.117480754852295
6701200-011,6701300-002,1.8741940259933472
6703500-018,6703500-043,1.8388909101486206
6700500-013,6700600-016,2.9862213134765625
6703400-036,6703400-029,0.5146245360374451
6700100-019,6700100-020,1.7010787725448608
6700300-006,6700300-004,1.4992105960845947
6701700-005,6701700-009,1.5190900564193726
6701800-015,6702900-016,3.212855100631714
6700700-013,6700700-003,1.568547248840332
6701800-004,6701800-006,1.4058101177215576
6702000-004,6702000-003,2.179910182952881
6703200-024,6703200-001,0.5900951027870178
6703500-023,6703500-013,2.6495227813720703
6703200-043,6703200-014,1.3130131959915161
6700300-020,6700300-023,3.1110341548919678
6700700-025,6700700-013,2.281186580657959
6701000-010,6700700-014,3.0980749130249023
6702600-006,6702600-003,1.9504714012145996
6702600-009,6702600-008,3.7301862239837646
6702700-018,6702700-011,1.6375807523727417
6700300-013,6700300-020,2.3753137588500977
6700400-008,6700400-009,1.8017834424972534
6703200-039,6703200-016,0.5824211835861206
6702600-002,6702600-005,3.3115410804748535
6702700-011,6702700-008,2.5823609828948975
6700700-001,6700700-006,0.5430748462677002
6701800-020,6702600-007,3.4796459674835205
6700700-020,6700700-019,1.4635417461395264
6701000-005,6701000-001,5.4164628982543945
6701000-008,6701000-006,2.944118022918701
6703200-012,6703200-004,0.9554927945137024
6703700-031,6703600-005,0.6563817858695984
6703600-004,6703600-008,1.9906948804855347
6701000-001,6701000-003,2.1986451148986816
6702900-008,6702900-013,4.330659866333008
6701300-003,6701700-009,1.7405866384506226
6703100-003,6703100-002,1.0059598684310913
6702200-002,6702000-009,3.248377561569214
6701500-021,6703500-026,2.5221121311187744
6701100-006,6701100-007,3.6502432823181152
6703100-029,6703500-010,1.4811238050460815
6701200-017,6701500-010,2.440438747406006
6703000-004,6703000-007,5.85034704208374
6703700-003,6703700-012,0.32062697410583496
6700700-008,6700700-022,2.111708402633667
6700900-005,6701000-004,2.359398365020752
6701200-008,6701200-007,1.7295312881469727
6703500-003,6702100-012,1.5046602487564087
6703500-041,6703500-016,1.5558222532272339
6703300-007,6703700-004,0.5483760237693787
6701800-012,6701800-001,0.7818063497543335
6700300-015,6700500-005,3.1408331394195557
6700200-012,6700200-005,0.7476762533187866
6703100-033,6703100-002,1.59422767162323
6703300-023,6702700-014,1.2099543809890747
6703200-031,6703200-030,0.28647270798683167
6700200-005,6700200-002,0.8105078339576721
6700200-004,6700200-006,0.3856860399246216
6700200-023,6700200-019,3.2169408798217773
6703400-012,6703400-011,0.19403915107250214
6700200-007,6700200-011,1.4022483825683594
6703500-010,6703500-006,1.1766760349273682
6703300-023,6703200-033,1.6458264589309692
6703400-002,6703400-003,0.47574740648269653
6703400-021,6703400-016,0.49766531586647034
6703300-025,6703300-034,0.8697150945663452
6701600-006,6701200-010,2.2757019996643066
6700200-019,6700200-021,1.9746358394622803
6700400-011,6700400-010,2.1625258922576904
6701900-001,6701900-006,1.5813685655593872
6702300-006,6702300-002,4.332106113433838
6702300-009,6702300-007,3.9962339401245117
6703300-034,6703300-002,0.5871075987815857
6703100-030,6703100-010,2.2053170204162598
6700800-013,6700800-004,2.844507932662964
6701900-013,6701900-016,2.911456346511841
6703400-016,6703400-022,0.2097667157649994
6702300-002,6702300-004,2.2568325996398926
6701400-005,6700700-028,2.3596434593200684
6703100-023,6702800-015,2.6551034450531006
6703200-037,6703200-023,0.6761909127235413
6703500-036,6703500-035,1.8322359323501587
6700800-006,6700800-001,0.7990206480026245
6703400-032,6703400-003,0.4479702413082123
6703700-011,6703700-007,0.3190555274486542
6700800-009,6700800-006,2.2912027835845947
6701200-019,6701200-007,2.0747718811035156
6703500-014,6702100-012,1.0397275686264038
6703500-029,6703500-032,2.59733510017395
6703100-002,6703100-032,1.4814809560775757
6702800-003,6702800-007,1.0500123500823975
6700800-001,6700800-007,2.5503275394439697
6701600-006,6701300-002,1.8249541521072388
6701100-005,6701100-010,2.8507726192474365
6701200-014,6701200-013,0.9145869016647339
6702300-009,6702500-003,4.031723976135254
6701300-009,6700800-007,2.7640233039855957
6703700-004,6703300-007,0.5483760237693787
6700700-007,6700700-025,2.249800443649292
6700900-001,6700900-007,2.095597982406616
6701200-007,6701200-010,1.6933273077011108
6703500-040,6703400-025,1.073712944984436
6701200-020,6700700-028,2.235044479370117
6702500-007,6702300-005,4.2147722244262695
6701300-004,6701300-006,1.819279432296753
6703200-037,6703200-036,0.849134087562561
6700700-021,6701300-008,1.491609811782837
6700300-023,6700300-013,2.2264795303344727
6701600-012,6701600-011,1.8529164791107178
6703100-027,6703100-038,1.4601188898086548
6700100-007,6700100-008,0.7438421249389648
6701300-002,6701600-006,1.8249541521072388
6702000-005,6702000-004,2.801607370376587
6702600-005,6702500-004,3.8415472507476807
6703600-014,6703600-001,0.9559303522109985
6703300-018,6703300-020,1.7283037900924683
6701900-016,6701900-017,1.4048614501953125
6703200-034,6703200-007,0.8082186579704285
6702100-006,6702100-003,1.6162090301513672
6702500-007,6702500-001,4.104480743408203
6700700-016,6700700-006,1.6644935607910156
6703400-040,6703500-039,1.2617007493972778
6701700-001,6701700-009,3.249253749847412
6701000-004,6700900-005,2.359398365020752
6702900-011,6702900-003,1.8083746433258057
6703600-009,6703700-029,1.0735373497009277
6703300-013,6703300-026,0.604611873626709
6700300-004,6700300-013,2.8370559215545654
6703200-030,6703200-009,0.3566807806491852
6701500-016,6701400-009,2.6998140811920166
6700600-009,6700600-011,3.544018268585205
6702700-016,6703300-018,1.9750055074691772
6703100-008,6703100-038,1.9041205644607544
6702500-002,6702500-007,2.6025748252868652
6702700-002,6702700-001,0.7030454874038696
6703600-002,6703600-004,1.8511688709259033
6703700-031,6703700-032,0.4906294047832489
6700500-004,6700300-016,1.9914801120758057
6702000-005,6702100-006,2.9076626300811768
6702600-005,6702600-008,3.952822208404541
6700700-004,6700700-009,1.5710195302963257
6701000-011,6701000-009,2.560081958770752
6700100-002,6700100-027,1.1614084243774414
6703200-034,6703200-020,0.46003156900405884
6700200-008,6700100-021,1.657585859298706
6703300-010,6703300-034,0.571097731590271
6703300-013,6703300-039,0.9535952806472778
6703200-011,6703200-009,0.41602790355682373
6703500-048,6702100-012,1.204652190208435
6701900-013,6700700-015,2.9099252223968506
6703200-045,6703200-007,1.0914850234985352
6702100-016,6702100-007,2.038235902786255
6703200-022,6703200-023,0.6331099271774292
6702000-004,6703500-001,2.8240020275115967
6702100-012,6703500-014,1.0397275686264038
6700100-025,6700100-024,0.9509301781654358
6701700-011,6701700-013,3.673964738845825
6701800-001,6701800-005,0.4278484880924225
6703200-040,6703200-013,0.6643646359443665
6700400-012,6700400-011,2.1229300498962402
6701500-004,6701500-013,2.0768375396728516
6700400-002,6700400-003,0.6131489872932434
6702700-005,6702700-002,1.9383562803268433
6703200-029,6703200-039,0.4489840269088745
6700200-003,6700200-011,1.0297032594680786
6703700-012,6703700-008,0.5983742475509644
6701800-005,6701800-016,3.7697019577026367
6703500-027,6703500-028,1.0382084846496582
6703700-021,6703700-013,0.3058856129646301
6700700-029,6700700-028,2.435424566268921
6703500-043,6703500-009,1.2050753831863403
6702200-001,6701100-003,1.420944094657898
6703200-035,6702700-013,1.1448243856430054
6701500-018,6703500-025,2.7850120067596436
6701800-019,6702200-004,3.9118146896362305
6700700-003,6700700-012,1.4065274000167847
6703300-005,6703700-026,0.5254766345024109
6703200-017,6703200-042,0.6816906929016113
6703100-009,6703100-006,2.4955592155456543
6703200-001,6703200-034,0.7961246967315674
6703700-016,6703700-019,0.5298190712928772
6701200-005,6701200-006,1.8601020574569702
6703200-035,6703200-032,0.5858048796653748
6703700-028,6703700-029,0.6936638951301575
6702200-004,6701800-019,3.9118146896362305
6701500-012,6701200-017,1.927909016609192
6702000-008,6702200-004,3.256995677947998
6703200-028,6703200-029,0.3671775162220001
6703700-005,6703700-018,0.31439492106437683
6700200-021,6700200-014,1.6113710403442383
6703100-016,6703100-022,1.4589929580688477
6703400-025,6703400-018,1.0147316455841064
6700500-021,6700500-012,2.337350368499756
6701600-003,6701600-004,2.1319332122802734
6701500-010,6701500-019,3.0241119861602783
6700100-029,6700500-014,3.1321682929992676
6700300-007,6700300-003,3.100388765335083
6700200-023,6701300-009,2.097057819366455
6700900-012,6702400-001,6.4102959632873535
6702300-003,6702300-001,2.47117018699646
6703500-015,6703500-044,0.9779903292655945
6703300-009,6703300-013,0.9247986078262329
6700200-006,6700200-012,1.1414903402328491
6703400-011,6703400-012,0.19403915107250214
6700200-009,6700200-017,1.8530794382095337
6700300-003,6700300-005,2.9194576740264893
6702400-005,6702400-001,2.319953441619873
6703500-030,6703500-029,1.5199156999588013
6700300-002,6700300-009,2.9087605476379395
6703500-049,6703500-042,0.9046618938446045
6702900-005,6702900-001,1.9846527576446533
6703500-045,6703500-044,0.6904823780059814
6703300-039,6703300-013,0.9535952806472778
6700100-010,6700500-014,1.6690806150436401
6702600-003,6702600-004,2.341886281967163
6701700-010,6701600-010,1.9976043701171875
6703400-018,6703400-028,0.8986422419548035
6703000-001,6702900-011,3.8092846870422363
6700900-002,6700900-004,1.642335057258606
6700100-026,6700200-020,2.453700304031372
6702300-003,6702400-004,5.782015323638916
6701300-009,6701300-004,2.952028751373291
6703400-020,6703400-037,0.5042165517807007
6703500-040,6703500-050,0.3581491708755493
6703300-006,6703700-038,0.5435246229171753
6702900-009,6702900-012,2.6780927181243896
6701300-002,6701300-001,1.0676450729370117
6701400-008,6701400-001,2.7776312828063965
6700100-028,6700100-014,0.9693487882614136
6703700-027,6703700-032,0.7138456702232361
6700100-012,6700100-006,1.0178827047348022
6703100-011,6703400-039,0.6340278387069702
6701600-016,6701600-013,2.4643545150756836
6703000-005,6703000-006,2.5839462280273438
6703400-006,6703400-031,0.6268909573554993
6700400-001,6700900-009,2.4560739994049072
6700100-005,6700100-003,1.1110132932662964
6701600-009,6701600-010,1.3333184719085693
6701700-010,6701700-005,3.093690872192383
6703300-019,6703300-017,1.278584599494934
6701300-006,6701300-012,4.0500946044921875
6703200-039,6703200-005,0.6927425861358643
6703500-018,6703500-045,1.936651587486267
6702000-009,6701800-003,3.333059787750244
6700100-016,6700100-017,2.300762414932251
6700100-019,6700100-022,1.7578704357147217
6702800-011,6702900-012,5.284274101257324
6701700-005,6701700-011,3.2596585750579834
6700200-022,6701300-012,3.707632064819336
6700300-024,6700300-023,1.6043781042099
6701800-010,6702000-011,2.0782012939453125
6700400-003,6700400-004,0.886033296585083
6700600-010,6700600-008,2.971407651901245
6700700-013,6700700-005,1.41085684299469
6703200-008,6703200-022,0.6024738550186157
6701800-004,6701800-008,1.6086329221725464
6702000-004,6702000-005,2.801607370376587
6701100-007,6701000-005,4.170644283294678
6703300-026,6703300-033,0.4235869348049164
6700400-007,6700100-009,2.6340062618255615
6703500-004,6703500-002,0.9921749830245972
6701900-014,6701000-010,2.0988237857818604
6700700-006,6700700-002,0.6472200155258179
6702600-006,6702600-005,1.4932000637054443
6703200-004,6703200-024,0.760967493057251
6702600-009,6702600-010,2.7396485805511475
6703000-004,6702900-012,3.1536011695861816
6700300-013,6700300-022,3.8582167625427246
6702700-011,6702700-010,0.8869192600250244
6703500-043,6703500-051,1.241342306137085
6700700-001,6700700-008,0.5462238788604736
6703300-037,6703300-020,0.6409627795219421
6700700-020,6700700-021,1.9749583005905151
6701000-005,6701000-003,5.30037260055542
6700600-008,6700400-009,3.606765031814575
6701400-011,6701400-002,1.3923362493515015
6703500-011,6703500-018,1.1464887857437134
6703600-004,6703600-010,1.3760179281234741
6702500-003,6702600-008,4.728370666503906
6701000-001,6701000-005,5.4164628982543945
6702600-004,6702200-005,3.5863873958587646
6700800-014,6700100-025,2.1209325790405273
6703100-003,6703100-004,1.3687227964401245
6701100-006,6701100-009,3.9586379528045654
6702800-020,6702700-005,1.8901430368423462
6701200-017,6701500-012,1.927909016609192
6703100-037,6703100-002,0.6873263120651245
6701200-008,6701200-009,0.7061321139335632
6702500-008,6702300-004,7.867392063140869
6700100-022,6700100-023,2.065323829650879
6700200-012,6700200-007,1.4336445331573486
6703100-033,6703100-004,2.0730245113372803
6701800-014,6701800-012,2.1111083030700684
6703400-016,6703400-011,0.41188982129096985
6702500-004,6702300-006,4.814688205718994
6701800-007,6701800-009,1.5288419723510742
6701900-006,6701900-002,2.238312005996704
6703200-033,6703200-041,0.8036196827888489
6700200-004,6700200-008,1.2447160482406616
6700200-023,6700200-021,1.8489930629730225
6703300-032,6703300-039,1.0172905921936035
6701900-017,6701000-011,2.3094003200531006
6700200-007,6700200-013,2.792773723602295
6703400-012,6703400-013,0.2035405933856964
6700500-005,6700500-002,2.5275824069976807
6703500-010,6703500-008,1.2454469203948975
6703500-022,6703500-018,2.061957597732544
6700200-019,6700200-023,3.2169408798217773
6700400-011,6700400-012,2.1229300498962402
6701800-002,6701800-015,1.8679304122924805
6701900-001,6701900-008,1.091140866279602
6702700-003,6703200-043,1.4968092441558838
6702300-006,6702300-004,4.235429286956787
6703200-019,6703200-035,0.6103953719139099
6703500-014,6701400-011,2.7936654090881348
6700700-026,6700700-027,1.3469494581222534
6702300-002,6702300-006,4.332106113433838
6703100-023,6702800-017,1.94881010055542
6703700-011,6703700-009,0.5732097625732422
6700800-006,6700800-003,1.7377479076385498
6702300-001,6702300-010,2.938788890838623
6701500-001,6701600-002,1.788624882698059
6702300-004,6702400-005,2.5924603939056396
6702700-009,6702700-017,3.677711248397827
6702800-010,6702800-012,3.146869659423828
6703400-009,6703400-021,0.6570690274238586
6701100-001,6701900-019,1.9836196899414062
6703700-032,6703700-031,0.4906294047832489
6700800-004,6700800-014,1.5409256219863892
6701900-001,6701900-021,2.9747776985168457
6701200-014,6701200-015,0.7292772531509399
6703500-047,6703500-024,2.597153663635254
6703100-020,6703100-024,1.0025055408477783
6703100-011,6703500-038,0.696098268032074
6700600-011,6700300-010,3.3273584842681885
6701500-002,6701200-013,2.1853294372558594
6702500-007,6702300-007,3.6281321048736572
6701200-009,6701200-021,2.519365072250366
6700700-021,6701300-010,3.1255173683166504
6703500-016,6703500-041,1.5558222532272339
6701900-012,6701900-008,2.185375452041626
6703400-015,6703400-014,0.2806459069252014
6700300-004,6700300-002,2.3722169399261475
6700300-023,6700300-015,1.6480343341827393
6703500-009,6703500-038,1.3687336444854736
6701600-012,6701600-013,1.5282471179962158
6700100-007,6700100-010,2.3003742694854736
6703500-012,6703500-043,1.246495246887207
6702700-007,6703200-003,2.0534775257110596
6700200-022,6700200-024,2.146550416946411
6702000-002,6702000-001,0.792105495929718
6703100-020,6703100-037,0.7876842021942139
6702000-005,6702000-006,2.72794771194458
6702600-005,6702500-006,4.3758416175842285
6700400-008,6700100-010,3.41534686088562
6703500-046,6703500-041,1.2818925380706787
6703600-014,6703600-003,0.2628350555896759
6701800-004,6702000-009,3.3104395866394043
6701900-016,6701900-019,2.840073585510254
6702500-007,6702500-003,5.219056129455566
6703500-039,6703500-038,0.5039808750152588
6700300-011,6700300-018,5.431168079376221
6703200-018,6703200-001,0.45019975304603577
6700600-013,6700600-011,5.7065935134887695
6700700-016,6700700-008,0.9869892597198486
6703700-036,6703700-028,0.4352380335330963
6702900-011,6702900-005,1.7768391370773315
6703600-009,6703700-031,1.0225887298583984
6700600-006,6700600-008,2.7541327476501465
6703200-030,6703200-011,0.568877100944519
6701500-016,6701400-011,1.5347728729248047
6702700-016,6703300-020,3.0371828079223633
6703200-029,6703200-015,0.6164980530738831
6702700-002,6702700-003,0.8650863170623779
6700300-006,6700600-003,2.7028257846832275
6702900-004,6702900-002,1.530765175819397
6703300-006,6703300-025,0.7268186211585999
6703500-044,6703500-008,0.9250547289848328
6702100-012,6703500-003,1.5046602487564087
6700700-004,6700700-011,0.7911409735679626
6703200-025,6703200-017,1.1051619052886963
6700200-015,6700100-026,2.2979767322540283
6700100-002,6700100-029,1.5272403955459595
6702100-009,6702000-004,2.8504087924957275
6700800-012,6700700-014,2.183229684829712
6703400-024,6703500-046,0.9979653358459473
6702900-011,6703000-002,4.695046424865723
6701400-009,6701400-011,2.6194334030151367
6703200-029,6703200-028,0.3671775162220001
6701600-018,6701500-005,3.0934157371520996
6701800-006,6701800-001,0.6730926036834717
6703200-013,6703200-020,0.3804934024810791
6700300-022,6700300-018,2.8051528930664062
6701800-008,6701800-010,1.2132753133773804
6702000-008,6702000-007,1.9121814966201782
6702100-016,6702100-009,2.2284631729125977
6701600-011,6701500-002,2.2204339504241943
6703300-021,6703300-023,1.748653769493103
6700100-025,6700100-026,1.388527512550354
6701800-017,6701800-015,3.8256356716156006
6701600-013,6701700-007,2.769627094268799
6701800-001,6701800-007,0.6791494488716125
6702100-009,6702100-006,2.1489768028259277
6700400-009,6700400-008,1.8017834424972534
6700400-012,6700400-013,2.6487817764282227
6700700-003,6700700-001,0.9920861721038818
6703300-016,6703300-029,2.1073575019836426
6703500-013,6703500-011,1.6975919008255005
6700400-002,6700400-005,2.0025668144226074
6702700-005,6702700-004,1.581964373588562
6700700-014,6700700-015,1.7424670457839966
6700100-013,6700100-029,1.5456899404525757
6703700-012,6703700-010,0.2802760899066925
6700700-017,6700700-020,1.9419949054718018
6703100-023,6703100-014,1.9736734628677368
6702300-001,6701100-008,5.895716667175293
6703500-027,6703500-030,2.079087018966675
6703700-021,6703700-015,0.5230646133422852
6700700-010,6700700-017,1.586626410484314
6702800-001,6702800-005,0.7149941325187683
6703500-043,6703500-011,1.047619342803955
6702600-001,6702200-004,3.5922412872314453
6702200-001,6701100-005,2.3321480751037598
6701400-011,6703500-014,2.7936654090881348
6703100-019,6703100-016,1.338032841682434
6700700-003,6700700-014,1.1095244884490967
6703200-017,6703200-044,0.2525768280029297
6701500-010,6701500-008,3.701256036758423
6701800-016,6701800-005,3.7697019577026367
6702800-013,6702800-015,2.523390293121338
6703100-009,6703100-008,1.1285746097564697
6703100-012,6703100-013,0.7689617276191711
6701500-003,6701500-005,2.1207728385925293
6700200-006,6700200-001,1.8548861742019653
6700200-009,6700200-006,2.188791036605835
6703100-023,6703100-027,1.9346221685409546
6701500-014,6701500-019,2.331684112548828
6701600-010,6701600-009,1.3333184719085693
6703400-007,6703400-003,0.46249550580978394
6702800-001,6702800-018,0.787312388420105
6701900-003,6701900-001,1.268630862236023
6700200-025,6700800-007,2.1758902072906494
6700500-002,6700500-001,0.9951782822608948
6703300-027,6703700-029,0.402162104845047
6703200-023,6703200-037,0.6761909127235413
6702800-019,6702800-008,2.0010733604431152
6700200-013,6700200-017,1.4254107475280762
6701200-014,6701600-001,2.1411075592041016
6703400-037,6703400-030,0.654934287071228
6700500-014,6700500-011,2.918121814727783
6703400-011,6703400-014,0.7073817849159241
6700800-010,6700800-005,1.6714692115783691
6701000-002,6700900-003,2.7066829204559326
6703100-004,6703100-027,1.1064592599868774
6701300-002,6701200-011,1.8741940259933472
6702400-005,6702400-003,7.44081974029541
6703400-013,6703400-023,0.5633332133293152
6703500-030,6703500-031,2.7422871589660645
6700100-028,6700100-003,1.3274106979370117
6700500-009,6700500-017,3.2231862545013428
6700600-007,6700600-009,4.6042656898498535
6700800-003,6700800-002,1.8102302551269531
6701600-007,6701300-001,1.0572888851165771
6702900-005,6702900-003,1.484438419342041
6701900-002,6701900-018,2.5940139293670654
6703500-026,6703500-033,1.7310056686401367
6702600-003,6702600-006,1.9504714012145996
6702900-014,6702900-008,5.7656989097595215
6703500-044,6703500-050,1.4566497802734375
6702800-019,6702800-021,1.044081449508667
6703700-022,6703700-027,0.190510556101799
6700900-002,6700900-006,2.2275593280792236
6701300-006,6701300-001,2.0430328845977783
6701400-012,6701400-001,1.2841033935546875
6702300-003,6702400-006,5.650645732879639
6701500-002,6701600-012,1.1328768730163574
6703400-036,6703400-020,0.6118164658546448
6701200-020,6701200-019,1.622312307357788
6700300-011,6700600-015,6.562443256378174
6703100-029,6703100-033,2.116178035736084
6703700-022,6703400-028,0.621146559715271
6700800-003,6700800-015,1.5077955722808838
6702800-004,6702800-019,0.655636727809906
6701600-016,6701600-015,1.7352687120437622
6702900-002,6702900-011,2.4448463916778564
6702900-005,6702900-017,1.4210819005966187
6700300-020,6700300-014,2.8604066371917725
6703500-006,6703500-037,0.4716413915157318
6701700-010,6701700-007,2.156665086746216
6700100-023,6700100-022,2.065323829650879
6703700-017,6703400-034,0.6177406907081604
6703400-024,6703400-023,0.5234553217887878
6703400-001,6703400-039,0.3845635652542114
6703500-018,6703500-047,1.8217582702636719
6703600-011,6703600-002,1.8735216856002808
6701000-005,6700900-004,5.676015377044678
6703400-036,6703400-033,0.6301236748695374
6700300-006,6700300-008,2.667097330093384
6701700-005,6701700-013,1.4538177251815796
6702000-011,6702000-010,1.7409734725952148
6703400-035,6703400-037,0.3859904706478119
6703200-031,6703200-008,0.3847590684890747
6700400-003,6700400-006,2.5878844261169434
6703200-024,6703200-005,0.6405478715896606
6700300-001,6700300-014,2.5098800659179688
6703500-007,6703500-009,0.9088613390922546
6700700-006,6700700-004,0.6882694959640503
6702600-006,6702600-007,3.7377939224243164
6701200-018,6701400-009,1.9232019186019897
6702700-015,6702700-010,2.211479902267456
6702400-006,6702500-008,5.8158979415893555
6703100-029,6703500-001,2.0363805294036865
6702700-018,6702700-015,2.534485101699829
6703000-004,6702900-014,2.9594194889068604
6700300-013,6700300-024,2.763129949569702
6700400-005,6700100-022,1.8749465942382812
6703300-014,6703300-038,2.1396119594573975
6703700-026,6703300-027,0.7169196009635925
6703100-010,6703100-009,2.6918723583221436
6703500-011,6703500-020,2.075192451477051
6701200-003,6701400-007,1.9463720321655273
6703600-004,6703600-012,1.2348178625106812
6703400-005,6703100-001,0.7631010413169861
6703300-007,6703300-035,0.9126213192939758
6700700-015,6701000-010,1.4102470874786377
6703400-012,6703400-002,0.5346431136131287
6703000-008,6702600-010,3.4667348861694336
6701500-013,6701500-011,2.49067759513855
6701200-017,6701500-014,1.1134955883026123
6703100-023,6701800-014,1.0676332712173462
6700500-017,6700500-001,2.8348989486694336
6702500-008,6702300-006,4.552290439605713
6702300-009,6702200-005,3.764443874359131
6703100-030,6703100-001,1.1027684211730957
6703700-018,6703700-001,0.48839589953422546
6700100-022,6700100-025,1.9945945739746094
6701500-008,6701500-017,3.579824924468994
6701600-017,6701500-006,1.9278109073638916
6702500-004,6702300-008,4.1331305503845215
6700900-010,6700800-005,2.726404905319214
6701800-007,6701800-011,2.0652315616607666
6703300-029,6703300-036,1.4917131662368774
6703400-009,6703400-010,0.21548953652381897
6700200-004,6700200-010,2.8749160766601562
6703400-012,6703400-015,0.4119446873664856
6700500-005,6700500-004,1.899919867515564
6702600-001,6701800-019,1.9207730293273926
6702200-001,6702200-003,2.3427281379699707
6703200-007,6703200-027,0.8159502148628235
6703400-002,6703400-007,0.46877560019493103
6702700-003,6703200-045,1.8968253135681152
6703100-039,6703100-026,0.6534026265144348
6703700-018,6703700-014,0.39789584279060364
6700700-023,6700700-024,1.775609016418457
6703700-025,6703400-018,0.5343231558799744
6703400-032,6703400-007,0.6008439064025879
6703300-038,6702700-016,3.0306220054626465
6703200-014,6703200-043,1.3130131959915161
6700800-009,6700800-010,1.1623116731643677
6702300-004,6702400-007,5.306267261505127
6703100-025,6703100-020,0.8007012605667114
6701200-021,6701200-020,1.1014575958251953
6703500-042,6703400-018,1.296518087387085
6701900-021,6701900-002,1.6291072368621826
6702100-001,6700700-026,2.3802502155303955
6703200-044,6703200-043,1.0614924430847168
6700100-003,6700100-001,0.5008981227874756
6703500-037,6703400-024,1.5849963426589966
6701600-007,6701600-008,0.8032666444778442
6700700-007,6700700-029,1.7950884103775024
6700600-011,6700300-012,6.952240467071533
6703700-020,6703700-036,0.41735607385635376
6702100-006,6702000-005,2.9076626300811768
6701300-004,6701300-010,2.8236868381500244
6702900-012,6702800-011,5.284274101257324
6703400-018,6703500-042,1.296518087387085
6703300-010,6703300-012,0.6227084398269653
6701900-012,6701900-010,2.5023226737976074
6703400-015,6703400-016,0.6409680247306824
6700300-023,6700300-017,3.1156938076019287
6701200-002,6701200-020,2.748467445373535
6703700-020,6703400-037,0.41332879662513733
6702000-002,6702000-003,1.1815308332443237
6700600-016,6700100-009,2.8768062591552734
6700600-001,6700600-003,1.2461966276168823
6703200-025,6703200-006,0.9301392436027527
6701800-004,6702000-011,1.707554817199707
6703700-010,6703300-004,0.6327064633369446
6703500-040,6703400-042,1.0311453342437744
6703500-007,6703500-051,1.1259052753448486
6700300-011,6700300-020,5.7619452476501465
6703500-006,6703100-029,1.6359615325927734
6700800-007,6700200-024,1.842067003250122
6703700-036,6703700-030,0.3547482192516327
6701000-003,6701000-001,2.1986451148986816
6703300-013,6703300-030,0.7792006134986877
6702700-002,6702700-005,1.9383562803268433
6700300-006,6700600-005,3.3893749713897705
6703600-002,6703600-008,1.8205996751785278
6701200-004,6701400-008,2.4302587509155273
6703200-017,6702700-001,1.9089139699935913
6702800-018,6702700-003,1.9712944030761719
6701200-013,6701500-001,0.8726973533630371
6702100-012,6703500-005,1.030908465385437
6700700-004,6700700-013,1.460569977760315
6703200-025,6703200-019,0.7802817225456238
6703400-003,6703400-032,0.4479702413082123
6701800-019,6702000-009,3.781167507171631
6702600-009,6703000-002,5.7420525550842285
6701700-004,6701700-001,2.948728084564209
6703300-005,6703700-004,0.5752855539321899
6700700-027,6701400-005,1.514978289604187
6701800-013,6701800-006,1.7300703525543213
6700100-020,6700100-021,1.3548318147659302
6701300-003,6701300-013,2.6280152797698975
6703300-001,6703700-006,0.6026027798652649
6701600-018,6701500-007,3.977473258972168
6700200-003,6700200-002,0.3287714123725891
6701800-005,6701800-007,0.27474719285964966
6700300-022,6700300-020,4.061872959136963
6701800-008,6701800-012,0.36758536100387573
6702000-008,6702000-009,1.9788908958435059
6703200-003,6703200-014,1.3876856565475464
6703500-008,6703500-006,1.2940874099731445
6703200-006,6703200-019,0.6671397089958191
6701800-001,6701800-009,1.7332305908203125
6702100-009,6702100-008,1.1056827306747437
6703500-001,6703500-003,1.7615214586257935
6700400-009,6700400-010,1.3549591302871704
6703700-014,6703700-001,0.2560083866119385
6703600-013,6703600-008,1.097935676574707
6700700-022,6700700-016,1.4873511791229248
6702700-012,6702700-009,2.116161584854126
6703400-038,6703400-002,0.3689461946487427
6702800-013,6702800-004,1.2001432180404663
6700400-002,6700400-007,2.4108457565307617
6703500-038,6703500-006,1.0483644008636475
6700600-012,6700400-013,3.7485668659210205
6703200-010,6703200-030,0.5426418781280518
6702700-005,6702700-006,1.3258832693099976
6701500-022,6701500-007,4.4458327293396
6702800-006,6702800-001,1.454415202140808
6703600-005,6703600-009,0.788377046585083
6703700-009,6703700-007,0.4568323791027069
6701500-013,6701200-004,2.0064949989318848
6703600-008,6703600-014,0.5755506157875061
6700800-015,6700100-024,2.0124945640563965
6703500-027,6703500-032,2.6852223873138428
6700500-003,6700500-013,2.314814329147339
6700700-010,6700700-019,2.489898204803467
6703200-005,6703200-036,0.4938123822212219
6703500-005,6702100-009,2.844738245010376
6703100-016,6703100-013,1.4901973009109497
6702600-001,6702200-006,2.350412130355835
6701200-012,6701200-013,1.4333490133285522
6701500-007,6701500-005,4.2335309982299805
6703100-026,6703400-019,0.5940651297569275
6700200-013,6700200-006,2.5128562450408936
6701500-019,6701500-015,1.2938628196716309
6703400-011,6703400-003,0.35886499285697937
6700200-006,6700200-003,0.3450148403644562
6700200-009,6700200-008,1.4748948812484741
6701900-010,6701900-006,1.4368727207183838
6702800-016,6701800-013,2.4008545875549316
6701600-010,6701600-011,1.4961528778076172
6703400-007,6703400-005,0.7458320260047913
6702800-001,6702800-020,1.0586694478988647
6703700-004,6703700-026,0.6627098321914673
6700200-020,6700200-022,1.5802117586135864
6700500-002,6700500-003,1.9414515495300293
6700500-021,6700500-016,2.9828433990478516
6703300-027,6703700-031,0.6821638345718384
6700800-015,6700800-001,1.396789789199829
6700500-014,6700500-013,1.1725448369979858
6702500-005,6702500-001,2.4678027629852295
6703100-014,6703100-037,1.4631695747375488
6700600-011,6700600-009,3.544018268585205
6703500-040,6703500-041,0.3577214479446411
6703700-015,6703700-013,0.2267681062221527
6701000-002,6700900-005,1.758323073387146
6702900-009,6702900-003,1.4350322484970093
6703500-030,6703500-033,2.9661498069763184
6700500-009,6700500-019,2.0514748096466064
6703700-027,6703700-023,0.4703155755996704
6700800-003,6700800-004,0.6875099539756775
6700900-007,6700900-002,2.7303080558776855
6702800-007,6702800-013,1.7490304708480835
6701900-002,6701900-020,2.9298431873321533
6701300-013,6701300-006,2.8765382766723633
6700500-002,6700500-016,3.7098190784454346
6703100-013,6702800-015,2.499553680419922
6702600-003,6702600-008,3.083003044128418
6701700-010,6701600-014,2.1007509231567383
6701300-006,6701300-003,2.752347946166992
6701400-012,6701400-003,2.346285104751587
6703400-020,6703400-041,0.5678694248199463
6700100-016,6700100-008,1.233776569366455
6701200-020,6701200-021,1.1014575958251953
6701300-002,6701300-005,0.8710603713989258
6703100-034,6703400-027,0.6271015405654907
6702800-004,6702800-021,0.4329102337360382
6701600-016,6701600-017,1.6000490188598633
6703500-006,6703500-039,1.3688676357269287
6700500-015,6700300-005,2.6262216567993164
6700100-004,6700100-011,0.8976910710334778
6700100-023,6700100-024,2.125544548034668
6703700-017,6703400-036,0.47884902358055115
6701700-009,6701700-013,2.683159589767456
6702100-007,6702100-004,2.218305826187134
6701200-011,6701300-008,2.296192169189453
6703400-028,6703700-035,0.2858474850654602
6703600-011,6703600-004,1.3781548738479614
6700300-006,6700300-010,4.629012107849121
6701400-003,6702100-014,2.7392733097076416
6700300-005,6700300-014,1.8814716339111328
6701900-018,6701000-012,3.7260046005249023
6703200-031,6703200-010,0.6945536732673645
6703600-004,6703600-001,2.397902250289917
6700600-010,6700600-012,3.414902448654175
6702700-003,6702700-002,0.8650863170623779
6703100-036,6703500-006,1.2792071104049683
6702700-006,6702700-007,1.6924775838851929
6703400-033,6703700-005,0.6022661328315735
6703500-048,6703500-012,1.2676819562911987
6702600-006,6702600-009,5.945220470428467
6702700-015,6702700-012,2.4718003273010254
6703200-004,6703200-028,0.8650978207588196
6702700-018,6702700-017,1.669304370880127
6700900-008,6701000-002,3.2045230865478516
6700100-025,6700400-005,2.601733446121216
6700400-005,6700100-024,2.569392681121826
6702700-010,6702700-018,2.4796252250671387
6703100-005,6703400-039,0.9957510232925415
6703200-031,6703200-023,0.7073281407356262
6701500-001,6701500-003,1.3724700212478638
6702700-006,6702800-002,2.3751378059387207
6702900-008,6703000-003,2.155668258666992
6703100-003,6703100-008,2.5637869834899902
6700700-028,6700700-007,2.1422107219696045
6701400-006,6701400-012,1.8033829927444458
6703400-021,6703400-009,0.6570690274238586
6700200-019,6700200-014,1.5750585794448853
6703200-019,6703200-026,1.0087662935256958
6702900-013,6702800-010,3.6882383823394775
6703100-030,6703100-003,1.6511467695236206
6701900-013,6701900-009,2.1986796855926514
6703400-016,6703400-015,0.6409680247306824
6703700-030,6703700-013,0.34181439876556396
6701800-007,6701800-013,1.6377791166305542
6703200-014,6703200-032,0.7359001040458679
6700100-014,6700100-028,0.9693487882614136
6703400-009,6703400-012,0.5138347744941711
6700200-004,6700200-012,1.0495266914367676
6703500-038,6703100-011,0.696098268032074
6703500-010,6703500-012,1.4536012411117554
6703500-029,6703500-025,2.8749871253967285
6700500-005,6700500-006,1.4932109117507935
6701200-021,6701200-009,2.519365072250366
6702400-003,6702400-001,6.172874450683594
6703400-027,6703400-002,0.5498750805854797
6700800-004,6700800-005,1.7512072324752808
6701100-005,6701100-003,0.9445623159408569
6701900-001,6701900-012,2.442657470703125
6703500-047,6703500-015,2.058931350708008
6703100-039,6703100-028,0.7245284914970398
6703300-034,6703300-008,0.519756555557251
6703700-018,6703700-016,0.40988287329673767
6703400-039,6703400-012,0.6736422181129456
6703100-013,6703100-012,0.7689617276191711
6703100-032,6703100-025,0.5318996906280518
6700800-004,6700200-025,1.4581255912780762
6701400-007,6701200-001,2.491058111190796
6703100-025,6703100-022,0.42086726427078247
6701300-009,6700200-020,2.2159035205841064
6700100-007,6700100-001,0.9335311055183411
6700100-024,6700800-013,2.2888805866241455
6703100-020,6703100-028,0.9307425618171692
6703200-044,6703200-045,0.5431898236274719
6701900-019,6701900-015,3.2440128326416016
6701300-004,6701300-012,2.506161689758301
6703500-016,6703500-045,1.5301730632781982
6700600-016,6700600-007,2.675067186355591
6701700-001,6701700-002,3.0813257694244385
6700300-004,6700300-006,1.4992105960845947
6700300-023,6700300-019,4.8131585121154785
6703200-030,6703200-002,0.37415826320648193
6702000-009,6702000-008,1.9788908958435059
6701500-016,6701400-002,2.5650782585144043
6701600-014,6701700-008,3.1518948078155518
6700900-011,6700900-004,4.157763481140137
6701700-009,6701300-013,2.536834716796875
6702400-002,6702400-004,6.4351301193237305
6703400-029,6703400-037,0.33590447902679443
6700600-001,6700600-005,3.0717952251434326
6703300-021,6703300-001,0.7070780992507935
6700700-004,6700700-002,0.4103303849697113
6703600-014,6703600-007,1.0717353820800781
6702600-004,6702600-005,1.8042631149291992
6703100-017,6702800-017,1.8740994930267334
6703500-004,6703500-048,1.4306660890579224
6700900-004,6700900-001,1.0574638843536377
6703700-010,6703300-006,0.6760654449462891
6701300-013,6701700-008,1.3537861108779907
6703200-034,6703200-013,0.5195965766906738
6703300-001,6703300-022,0.9694504737854004
6700500-015,6700600-002,3.6238036155700684
6700600-013,6700600-015,4.415090560913086
6703700-033,6703600-005,0.991610586643219
6703500-031,6701500-023,4.932887077331543
6703400-024,6703500-037,1.5849963426589966
6701700-007,6701600-013,2.769627094268799
6702900-011,6702900-009,0.9878898859024048
6703700-035,6703700-036,0.3258717656135559
6703300-013,6703300-032,1.4820846319198608
6701000-006,6701000-008,2.944118022918701
6701400-009,6701400-002,1.9368810653686523
6700100-013,6700100-007,0.6189985275268555
6703700-031,6703700-038,0.6263517141342163
6700900-011,6701000-005,3.4915971755981445
6701600-008,6701300-013,2.002413272857666
6703100-015,6702700-002,1.5997467041015625
6703200-017,6702700-003,2.0506880283355713
6702800-018,6702700-005,1.781075358390808
6700100-011,6700400-004,2.8789544105529785
6702400-001,6700900-012,6.4102959632873535
6700900-004,6701000-002,2.2818636894226074
6701700-004,6701700-003,0.9474494457244873
6701700-007,6701700-008,3.2075459957122803
6701800-013,6701800-008,1.4677156209945679
6703300-016,6703300-020,2.2256486415863037
6700300-010,6700300-012,4.810662269592285
6700400-005,6700400-001,1.53571355342865
6703200-029,6703200-032,0.8966950178146362
6700200-003,6700200-004,0.2155114710330963
6701800-005,6701800-009,1.6608444452285767
6700500-003,6700500-002,1.9414515495300293
6703200-038,6703700-009,0.40250593423843384
6700700-010,6700700-008,2.4995741844177246
6703100-016,6703100-002,1.5912522077560425
6703500-001,6703500-005,2.1069657802581787
6703500-020,6703500-018,0.95225989818573
6703200-040,6703200-019,0.8587121963500977
6702100-008,6702100-014,2.2553024291992188
6700700-003,6700700-005,0.8713187575340271
6700700-022,6700700-018,1.8371260166168213
6702700-012,6702700-011,2.7287399768829346
6702800-013,6702800-006,1.03850519657135
6703700-016,6703700-012,0.5679637789726257
6702100-004,6702100-016,1.589831829071045
6701500-022,6701500-009,3.835378408432007
6703700-028,6703700-022,0.39225947856903076
6703300-008,6703300-034,0.519756555557251
6703100-023,6703100-018,1.1363075971603394
6703300-011,6703300-039,1.093682050704956
6703400-037,6703700-020,0.41332879662513733
6700500-003,6700500-015,1.9842209815979004
6703500-027,6703500-034,2.563492774963379
6701500-014,6701500-010,1.5659613609313965
6703600-001,6703600-013,0.6238182187080383
6703200-005,6703200-038,0.2922513782978058
6703500-005,6702100-011,1.3027644157409668
6702800-001,6702800-009,1.5080562829971313
6703100-016,6703100-015,0.7681981921195984
6701800-014,6703100-018,1.1928304433822632
6701200-012,6701200-015,1.8627322912216187
6700300-017,6700500-004,3.2885496616363525
6701500-010,6701500-012,2.094083309173584
6701600-006,6701600-002,2.304359197616577
6703200-001,6703200-040,0.46158847212791443
6700200-013,6700200-008,2.7996561527252197
6703100-034,6703100-005,0.4176594316959381
6701200-005,6701200-012,1.750057339668274
6702600-010,6701800-017,4.747832298278809
6700200-006,6700200-005,0.44050854444503784
6701900-010,6701900-008,1.5390746593475342
6702400-005,6702300-004,2.5924603939056396
6703500-033,6703500-027,1.573883056640625
6701600-010,6701600-013,1.9452977180480957
6700100-017,6700500-010,2.3473594188690186
6700200-001,6700200-011,1.5896955728530884
6700200-020,6700200-024,0.8601691722869873
6703500-026,6703500-024,2.4757115840911865
6700500-002,6700500-005,2.5275824069976807
6700500-021,6700500-018,3.0797438621520996
6700800-015,6700800-003,1.5077955722808838
6703700-006,6703200-038,0.7254340052604675
6703600-014,6703700-034,0.9593654274940491
6702500-005,6702500-003,4.543755531311035
6703400-020,6703400-030,0.6976522207260132
6703500-037,6703500-038,0.837087094783783
6703200-016,6703200-038,0.7347656488418579
6702800-012,6702800-009,3.885955810546875
6701500-002,6701600-003,1.3608782291412354
6702100-001,6701900-005,1.9201585054397583
6700800-010,6700800-009,1.1623116731643677
6702900-009,6702900-005,2.193902015686035
6703500-030,6703500-035,2.640007257461548
6701000-009,6701900-013,2.901737689971924
6700500-009,6700500-021,2.2106268405914307
6703700-027,6703700-025,0.7272547483444214
6700800-003,6700800-006,1.7377479076385498
6700700-018,6701200-021,2.2667930126190186
6702400-007,6702500-009,10.52511978149414
6701600-007,6701300-005,1.98234224319458
6701900-005,6702000-006,2.783820390701294
6703400-040,6703400-022,0.6925140023231506
6703400-024,6703400-014,0.9034555554389954
6701300-006,6701300-005,2.0403153896331787
6702100-007,6702000-004,3.02370285987854
6701300-009,6701300-010,2.0557291507720947
6700100-016,6700100-010,2.086613655090332
6701700-005,6701700-004,3.435880422592163
6702000-011,6702000-001,2.1197855472564697
6703200-009,6703200-011,0.41602790355682373
6701300-001,6701300-011,1.9981811046600342
6703700-024,6703400-041,0.8240876793861389
6700300-001,6700300-005,1.9222242832183838
6703000-002,6702600-008,5.159703731536865
6700300-020,6700300-018,1.51210355758667
6700100-004,6700100-013,0.8527212142944336
6701700-004,6701300-003,2.8041398525238037
6700100-023,6700100-026,1.235041856765747
6700100-009,6700600-016,2.8768062591552734
6702700-004,6703200-006,0.9835689067840576
6700300-013,6700300-015,1.678514003753662
6703200-039,6703200-011,0.7246875166893005
6702100-007,6702100-006,1.2374588251113892
6703200-038,6703200-015,0.4810079038143158
6703500-002,6703500-006,1.7646070718765259
6700400-010,6700600-016,3.4297704696655273
6703600-011,6703600-006,1.2667535543441772
6701400-003,6702100-016,2.3318755626678467
6703300-014,6703300-029,1.4386743307113647
6700300-008,6700300-021,3.4014408588409424
6700600-010,6700600-014,5.894163608551025
6702700-003,6702700-004,1.885644555091858
6702700-006,6702700-009,2.786918878555298
6701300-003,6701700-004,2.8041398525238037
6703300-026,6703300-039,0.4592065215110779
6703200-024,6703200-009,0.46925032138824463
6701100-006,6701100-002,1.8104623556137085
6703500-048,6703500-014,1.6065994501113892
6701400-006,6701400-001,1.8329917192459106
6703700-009,6703200-015,0.5152254104614258
6702700-013,6703300-023,1.5674322843551636
6700700-008,6700700-017,2.4210565090179443
6701100-002,6701100-004,2.712728261947632
6700700-001,6700700-014,1.9081063270568848
6703500-036,6703500-017,3.6995203495025635
6701800-007,6701800-002,1.9696810245513916
6700200-004,6700200-001,1.7367115020751953
6703500-010,6703500-001,2.305692195892334
6700200-007,6700200-006,0.29376932978630066
6703300-018,6702700-015,3.2912604808807373
6703100-002,6703100-014,0.8555312752723694
6703700-026,6703700-004,0.6627098321914673
6703500-022,6703500-011,2.470554828643799
6702100-010,6702100-007,2.256535530090332
6703600-015,6703500-017,1.8393064737319946
6702100-013,6702100-012,1.3349575996398926
6703500-024,6703500-020,2.0085256099700928
6703700-018,6703700-005,0.31439492106437683
6700900-012,6700400-013,5.938189506530762
6703400-039,6703400-001,0.3845635652542114
6701500-008,6701500-021,4.818603038787842
6701900-013,6701900-011,2.146347761154175
6703400-016,6703400-017,0.5201888680458069
6701200-012,6701600-001,1.4414936304092407
6702300-010,6701100-008,3.0478789806365967
6703700-011,6703700-002,0.49086374044418335
6700500-012,6700500-011,2.2710986137390137
6702300-001,6702300-003,2.47117018699646
6700700-021,6701200-011,2.431809663772583
6700700-019,6700700-017,1.0492615699768066
6702300-004,6702300-008,4.800606727600098
6703500-051,6703500-015,0.9644105434417725
6700500-005,6700500-008,2.8980815410614014
6700500-007,6700500-017,1.6900415420532227
6700800-001,6700800-002,1.2464996576309204
6702800-021,6702800-019,1.044081449508667
6700800-004,6700800-007,2.584495782852173
6703300-034,6703300-010,0.571097731590271
6701500-022,6703500-033,5.663161277770996
6703200-044,6703200-034,0.8784202337265015
6700700-023,6700700-028,1.9282833337783813
6703400-039,6703400-014,0.316936194896698
6703500-032,6701500-022,4.933323860168457
6700900-001,6700900-002,1.1784193515777588
6703100-013,6703100-014,1.5952184200286865
6701100-008,6702300-010,3.0478789806365967
6701200-006,6701200-009,1.705146312713623
6702800-016,6703100-017,2.087318181991577
6701400-007,6701200-003,1.9463720321655273
6701500-014,6701200-016,2.6023306846618652
6701900-012,6701900-001,2.442657470703125
6703300-013,6703300-008,0.8587477207183838
6703700-032,6703700-037,0.2818801701068878
6701300-009,6700200-022,1.5689716339111328
6700100-007,6700100-003,1.0075310468673706
6703700-020,6703400-028,0.5263245701789856
6700100-024,6700800-015,2.0124945640563965
6703300-006,6703300-005,0.2998110353946686
6700800-001,6700800-015,1.396789789199829
6702800-002,6702800-019,1.9296042919158936
6701600-014,6701600-015,2.5378220081329346
6703100-020,6703100-030,1.0853177309036255
6702900-017,6702800-013,2.252446174621582
6700100-003,6700100-005,1.1110132932662964
6700100-002,6700100-009,1.5308367013931274
6701900-019,6701900-017,1.509024977684021
6703200-034,6703200-002,0.5734699964523315
6703400-022,6703400-023,0.6407129764556885
6700500-015,6700500-012,2.4494872093200684
6700700-016,6700700-001,1.5089589357376099
6700500-018,6700500-017,1.7073838710784912
6703500-016,6703500-047,1.4400396347045898
6703700-036,6703700-021,0.2770000398159027
6703500-019,6703600-001,2.6779582500457764
6702700-014,6703200-012,1.9265412092208862
6703700-013,6703700-037,0.4523688852787018
6701200-011,6701600-004,2.2042436599731445
6703400-034,6703400-033,0.4400063455104828
6700300-004,6700300-008,3.589806318283081
6702000-009,6702000-010,2.4062204360961914
6703500-009,6703500-044,1.2360695600509644
6700600-009,6700600-006,2.7225589752197266
6703300-003,6703300-013,0.9335361123085022
6700600-008,6700600-010,2.971407651901245
6703700-031,6703700-027,0.5878350138664246
6701600-014,6701700-010,2.1007509231567383
6702000-002,6702000-007,3.3003385066986084
6702000-005,6702100-001,3.127371311187744
6702400-002,6702400-006,4.2774577140808105
6703300-021,6703300-003,0.6000814437866211
6700900-004,6700900-003,0.5402832627296448
6701300-013,6701700-010,2.280817747116089
6703300-001,6703300-024,0.44607487320899963
6703100-038,6703100-033,1.2216016054153442
6700500-015,6700600-004,1.9922163486480713
6703300-033,6703300-013,0.5781877636909485
6703400-024,6703500-039,0.6364316940307617
6701700-007,6701600-015,1.60824453830719
6701000-003,6701000-005,5.30037260055542
6701500-006,6701600-018,1.1473336219787598
6703200-025,6702700-004,1.5285910367965698
6701000-006,6701000-010,2.1955060958862305
6701300-003,6701300-004,3.36551833152771
6703700-029,6703600-009,1.0735373497009277
6701200-001,6701400-007,2.491058111190796
6703600-002,6703600-012,1.1702200174331665
6700100-013,6700100-009,1.2109750509262085
6703300-005,6703300-035,0.6818117499351501
6702900-006,6703000-001,3.013650894165039
6701800-008,6701800-003,2.015886068344116
6700100-011,6700400-006,1.756529688835144
6701700-011,6701700-008,3.4240262508392334
6701600-013,6701600-018,4.138028621673584
6700100-027,6700100-028,0.9487529993057251
6701500-004,6701500-008,5.188566207885742
6701700-004,6701700-005,3.435880422592163
6700700-022,6700700-007,1.8689664602279663
6701700-007,6701700-010,2.156665086746216
6700400-005,6700400-003,2.361178398132324
6702100-004,6702100-005,0.9784470796585083
6703200-010,6703200-021,0.610328733921051
6702200-007,6702200-002,2.315732955932617
6703100-035,6703400-002,0.7400978803634644
6703300-001,6703700-010,0.7426340579986572
6701200-004,6701500-013,2.0064949989318848
6703700-012,6703700-003,0.32062697410583496
6703200-012,6703300-022,1.0859109163284302
6700300-022,6700300-024,1.9125384092330933
6703500-050,6703500-007,1.1806557178497314
6702100-016,6702100-015,0.8553544282913208
6703500-008,6703500-010,1.2454469203948975
6703700-021,6703700-008,0.5648115873336792
6703600-001,6703600-002,0.8809877634048462
6703200-038,6703700-011,0.42360201478004456
6700700-029,6700700-023,0.5151500701904297
6701800-001,6701800-013,1.2921428680419922
6703300-004,6703300-025,0.6855791211128235
6702100-008,6702100-016,1.1312955617904663
6702200-004,6701100-003,3.276327133178711
6703600-013,6703600-012,1.3504414558410645
6702700-012,6702700-013,1.896012783050537
6703700-016,6703700-014,0.4658101499080658
6700700-024,6700700-029,1.834402322769165
6701000-009,6701000-011,2.560081958770752
6701200-005,6701200-001,1.7433286905288696
6700100-022,6700400-006,2.152691125869751
6703700-009,6703700-011,0.5732097625732422
6703700-012,6703700-016,0.5679637789726257
6703100-004,6703100-007,1.0044865608215332
6701400-008,6701200-004,2.4302587509155273
6703100-026,6703100-025,0.6466835141181946
6701500-014,6701500-012,2.1412088871002197
6701900-012,6700700-013,2.491676092147827
6703500-005,6702100-013,2.2945024967193604
6703100-019,6703100-022,0.707556962966919
6701200-007,6700700-018,2.1768460273742676
6700300-017,6700500-006,3.764164924621582
6700500-021,6700500-007,2.7949576377868652
6701500-010,6701500-014,1.5659613609313965
6701600-006,6701600-004,1.305112361907959
6703200-042,6703200-043,0.7948827743530273
6702800-019,6702800-001,0.9968392848968506
6700700-005,6700700-029,1.2907060384750366
6700200-023,6701300-004,2.146181106567383
6700200-016,6700200-015,1.024405598640442
6701200-005,6701200-014,1.7991642951965332
6700200-006,6700200-007,0.29376932978630066
6703300-017,6702700-016,2.518920421600342
6701400-008,6701200-017,2.3849434852600098
6700300-002,6700300-004,2.3722169399261475
6700500-006,6700500-005,1.4932109117507935
6703500-033,6703500-029,1.906829833984375
6700500-009,6700500-010,1.753196358680725
6700600-007,6700600-002,2.4874932765960693
6701900-003,6701900-007,1.6686334609985352
6700700-026,6701900-010,2.094566583633423
6700500-002,6700500-007,1.6115444898605347
6700500-021,6700500-020,1.6028392314910889
6703200-037,6703700-014,0.8505983352661133
6703500-044,6703500-043,0.4839223623275757
6703000-001,6702900-006,3.013650894165039
6700100-026,6700200-015,2.2979767322540283
6703100-011,6703100-036,1.0166510343551636
6701200-011,6701200-007,2.3391857147216797
6700600-011,6700600-013,5.7065935134887695
6703300-031,6703300-009,1.0331844091415405
6702800-012,6702800-011,2.4482479095458984
6703500-040,6703500-045,1.301698923110962
6703700-015,6703700-017,0.48790594935417175
6700800-010,6700800-011,1.1964982748031616
6702900-009,6702900-007,1.6583631038665771
6700100-018,6700200-016,1.9457720518112183
6700800-003,6700800-008,2.2946274280548096
6703500-046,6703400-024,0.9979653358459473
6702900-002,6702900-004,1.530765175819397
6703400-001,6703100-034,0.6192353963851929
6701600-007,6701300-007,1.5305469036102295
6702900-005,6702900-009,2.193902015686035
6700300-020,6700300-007,2.667271137237549
6701600-009,6701600-005,1.7457029819488525
6703200-045,6703200-044,0.5431898236274719
6700100-004,6700100-002,0.7468335032463074
6703400-040,6703400-024,0.7882473468780518
6703700-022,6703700-033,0.8596985936164856
6700300-013,6700300-004,2.8370559215545654
6701300-006,6701300-007,1.4759184122085571
6703700-015,6703700-030,0.5495375990867615
6700300-006,6700300-001,1.5262209177017212
6702900-009,6703000-004,4.149265766143799
6701400-003,6702100-005,1.730850100517273
6702000-011,6702000-003,2.7399566173553467
6700600-013,6700900-012,5.867223739624023
6703400-035,6703400-030,0.3008454144001007
6700300-024,6700300-018,0.9334109425544739
6702200-005,6702600-002,2.986661434173584
6701800-004,6701800-003,1.2650330066680908
6703700-024,6703400-043,1.082409381866455
6703300-031,6703600-010,1.4744465351104736
6703400-031,6703400-032,0.7157712578773499
6702400-004,6700600-013,5.789167404174805
6703000-002,6702600-010,3.0954785346984863
6703500-048,6703500-003,1.9019205570220947
6703300-001,6703200-016,0.8311523795127869
6701900-013,6701000-009,2.901737689971924
6703200-004,6703200-019,0.8143032789230347
6700100-004,6700100-015,0.9992836117744446
6703000-004,6702900-007,4.28208065032959
6702700-018,6702700-008,3.453052043914795
6701000-012,6701000-001,2.669404983520508
6700300-013,6700300-017,2.9019992351531982
6702100-007,6702100-008,1.3299601078033447
6700300-012,6700300-021,7.577392578125
6701600-002,6701500-001,1.788624882698059
6703500-002,6703500-008,1.7443742752075195
6703600-011,6703600-008,0.7140102982521057
6700700-001,6700700-003,0.9920861721038818
6703300-037,6703300-015,2.6140053272247314
6700700-020,6700700-016,2.3074512481689453
6702700-010,6702700-009,0.8667242527008057
6703500-011,6703500-013,1.6975919008255005
6703200-008,6703200-030,0.5905194282531738
6702700-003,6702700-006,2.4187021255493164
6702500-006,6702600-008,3.600095510482788
6703300-007,6703300-028,0.6957564949989319
6702900-008,6702900-010,1.2342660427093506
6700300-010,6700600-011,3.3273584842681885
6701300-003,6701700-006,3.3089444637298584
6703200-024,6703200-011,0.34814825654029846
6701100-006,6701100-004,1.587013840675354
6703100-016,6702700-001,1.2838246822357178
6700800-013,6700100-024,2.2888805866241455
6701400-006,6701400-003,2.200857639312744
6701500-013,6701500-004,2.0768375396728516
6700900-005,6701000-001,3.2237393856048584
6701000-012,6701100-001,3.1462435722351074
6703500-003,6702100-009,2.157815456390381
6703300-002,6703300-034,0.5871075987815857
6701100-002,6701100-006,1.8104623556137085
6700700-001,6700700-016,1.5089589357376099
6700100-022,6700100-018,0.9848927855491638
6700200-012,6700200-002,1.5578378438949585
6701500-008,6701500-010,3.701256036758423
6703100-018,6701800-013,1.7937819957733154
6703500-036,6703500-019,2.8223016262054443
6701800-007,6701800-004,1.4537725448608398
6703400-009,6703400-003,0.2905159592628479
6700200-004,6700200-003,0.2155114710330963
6702100-013,6701400-011,2.3884077072143555
6700200-007,6700200-008,0.7673643827438354
6703100-002,6703100-016,1.5912522077560425
6703400-039,6703100-005,0.9957510232925415
6701600-012,6701500-005,2.623284339904785
6702200-004,6702200-001,3.0817224979400635
6703200-026,6703200-033,1.2939724922180176
6700200-019,6700200-018,2.9070987701416016
6700400-011,6700400-007,3.6065971851348877
6701900-001,6701900-003,1.268630862236023
6702100-010,6702100-009,1.0976324081420898
6702100-013,6702100-014,1.6308869123458862
6700500-014,6700100-029,3.1321682929992676
6703500-024,6703500-022,2.55338978767395
6701500-008,6701500-023,6.19395637512207
6703700-034,6703500-017,1.26254403591156
6703500-017,6703500-019,1.967358112335205
6700500-012,6700500-013,1.1143715381622314
6702300-001,6702300-005,3.9935834407806396
6702300-004,6702300-010,3.72768235206604
6702700-009,6702700-012,2.116161584854126
6702800-010,6702800-007,3.122231960296631
6703700-032,6703700-026,0.4378771483898163
6700800-008,6700800-007,1.7059438228607178
6702400-003,6702400-005,7.44081974029541
6702800-003,6702800-004,1.516241192817688
6700100-024,6700800-004,2.3990941047668457
6703700-006,6703700-010,0.26315414905548096
6703700-025,6703700-023,0.5090199112892151
6700800-001,6700800-004,1.08241605758667
6703400-027,6703400-006,0.2743801474571228
6701100-005,6701100-007,4.11470365524292
6703500-047,6703500-019,2.606868267059326
6703400-015,6703100-011,0.6668916940689087
6703600-014,6703500-036,4.0903801918029785
6700700-007,6700700-022,1.8689664602279663
6703100-013,6703100-016,1.4901973009109497
6703400-041,6703400-025,0.9114124774932861
6701300-004,6701300-003,3.36551833152771
6701500-023,6701500-021,6.579646110534668
6703300-013,6703300-010,0.4582829773426056
6701300-009,6700200-024,2.1625688076019287
6703300-003,6703300-002,0.41917258501052856
6703300-006,6703300-007,0.5824212431907654
6703400-027,6703400-019,0.6293476223945618
6700200-022,6700200-019,1.6906818151474
6701600-014,6701600-017,3.871619701385498
6703100-020,6703100-032,0.730879008769989
6702000-005,6702000-001,3.390826940536499
6700600-004,6700600-001,1.9044424295425415
6701900-016,6701900-014,1.362562656402588
6700100-002,6700100-011,1.034685730934143
6703500-007,6703500-044,1.1560488939285278
6700500-015,6700500-014,2.4915149211883545
6700500-018,6700500-019,2.4808664321899414
6703500-016,6703500-049,1.187933087348938
6703700-036,6703700-023,0.5486671924591064
6701000-004,6700900-002,2.804070472717285
6700400-003,6700100-011,3.212308406829834
6701000-003,6700900-006,2.411264181137085
6701200-011,6701600-006,1.784997820854187
6703400-034,6703400-035,0.4074397683143616
6702500-002,6702500-004,4.294304370880127
6703600-002,6703600-001,0.8809877634048462
6700600-008,6700600-012,3.9218692779541016
6703300-028,6703300-008,0.8014129996299744
6703700-031,6703700-029,0.4216104745864868
6700500-004,6700300-013,2.430786609649658
6702000-005,6702100-003,2.9122650623321533
6703400-029,6703400-041,0.7383885383605957
6703700-035,6703400-028,0.2858474850654602
6700700-004,6700700-006,0.6882694959640503
6701700-011,6701600-015,2.5898101329803467
6700900-004,6700900-005,0.5368225574493408
6703200-018,6703200-009,0.1883343905210495
6701300-010,6701300-009,2.0557291507720947
6702300-007,6702500-007,3.6281321048736572
6700100-020,6700100-014,1.9244767427444458
6701300-003,6701300-006,2.752347946166992
6703400-014,6703400-039,0.316936194896698
6701400-009,6701400-006,3.0713274478912354
6703600-002,6703600-014,1.522074818611145
6700100-013,6700100-011,0.5118789672851562
6701900-013,6700700-012,2.6040334701538086
6700300-022,6700300-013,3.8582167625427246
6701800-008,6701800-005,0.29401126503944397
6702100-016,6702100-004,1.589831829071045
6701700-011,6701700-010,2.739643096923828
6702100-004,6701400-004,2.377431631088257
6701800-001,6701800-002,1.760975956916809
6700500-010,6700100-016,2.5542280673980713
6703300-028,6703600-009,1.00084388256073
6702600-009,6703000-008,4.92269229888916
6703600-013,6703600-001,0.6238182187080383
6701700-007,6701700-012,3.615373134613037
6703200-001,6703200-018,0.45019975304603577
6700100-001,6700100-014,1.252798080444336
6702100-004,6702100-007,2.218305826187134
6703200-010,6703200-023,0.7413882613182068
6702200-007,6702200-004,1.284117341041565
6703600-008,6703600-007,0.5986044406890869
6701800-005,6701800-013,1.5517164468765259
6703500-008,6703500-012,1.1880784034729004
6703500-027,6703500-025,2.4020423889160156
6700500-003,6700500-006,3.110783338546753
6703100-031,6703400-006,0.652474582195282
6703600-001,6703600-004,2.397902250289917
6700700-029,6700700-025,1.2855925559997559
6703000-008,6703000-006,3.558279275894165
6701200-012,6701200-006,1.5912010669708252
6703500-045,6703500-015,0.39868059754371643
6702700-012,6702700-015,2.4718003273010254
6700700-002,6700700-013,1.8706538677215576
6703300-016,6703300-037,1.586115837097168
6700100-001,6700100-027,0.8540672659873962
6703100-014,6703100-017,0.888093113899231
6703600-005,6703600-015,0.9140462875366211
6702100-003,6700700-026,2.7199995517730713
6700900-009,6700400-001,2.4560739994049072
6703100-004,6703100-009,2.314283609390259
6702800-001,6702800-013,1.682237982749939
6703400-006,6703400-002,0.5373355746269226
6701200-007,6700700-020,1.2655142545700073
6701500-007,6701500-011,4.9959716796875
6700500-021,6700500-009,2.2106268405914307
6700100-029,6700500-011,2.610013008117676
6703200-042,6703200-045,0.5268164277076721
6702800-019,6702800-003,1.4394137859344482
6700200-013,6700200-012,1.5604181289672852
6701800-015,6701800-017,3.8256356716156006
6700200-016,6700200-017,2.258324146270752
6702900-007,6702800-008,2.26078462600708
6703200-016,6703200-029,0.3979152739048004
6702800-012,6702700-018,4.078765869140625
6700200-006,6700200-009,2.188791036605835
6701900-010,6701900-012,2.5023226737976074
6700300-002,6700300-006,2.2409629821777344
6700500-006,6700500-007,1.7817660570144653
6703100-007,6703100-027,1.4286177158355713
6703400-018,6703700-024,0.7056569457054138
6703500-033,6703500-031,4.934619903564453
6700600-007,6700600-004,2.571686267852783
6703100-011,6703400-023,0.6887490153312683
6702800-004,6702800-001,0.5773719549179077
6702800-007,6702800-006,0.7288658618927002
6703500-026,6703500-028,2.5006940364837646
6702600-003,6702600-001,3.547563076019287
6703500-044,6703500-045,0.6904823780059814
6703100-015,6702800-017,1.662568211555481
6700900-002,6700900-001,1.1784193515777588
6703400-043,6703400-018,0.9097056984901428
6701200-011,6701200-009,2.2810025215148926
6702300-003,6702400-001,3.5022175312042236
6700600-011,6700600-015,4.5880208015441895
6703300-031,6703300-011,0.8919048309326172
6700100-016,6700100-001,1.3767346143722534
6703500-021,6703500-034,2.5159645080566406
6701100-003,6701900-020,2.5701522827148438
6703200-015,6703300-001,0.7458522319793701
6703500-029,6701500-023,6.8905029296875
6703400-013,6703400-031,0.512332558631897
6703200-009,6703200-002,0.46362096071243286
6701300-001,6701300-002,1.0676450729370117
6702800-004,6702800-014,1.8096423149108887
6700600-001,6700300-001,1.9638530015945435
6703700-019,6703200-038,0.7243379354476929
6701500-011,6701200-017,3.0426125526428223
6702800-007,6702800-019,0.8922469019889832
6702900-005,6702900-011,1.7768391370773315
6703700-038,6703300-006,0.5435246229171753
6703700-029,6703700-038,0.2473488301038742
6703500-039,6703400-023,1.1294530630111694
6701400-003,6701400-004,1.9127084016799927
6701600-009,6701600-007,1.9551836252212524
6703300-019,6703300-014,2.380704879760742
6703700-017,6703400-029,0.47139668464660645
6701700-009,6701700-006,4.150497913360596
6703700-022,6703700-035,0.5248642563819885
6703300-012,6703300-011,0.6145573854446411
6703500-021,6703500-047,1.2739853858947754
6700400-010,6700600-007,3.0091772079467773
6700300-006,6700300-003,0.767179012298584
6701700-005,6701700-008,2.5542678833007812
6700200-022,6701300-009,1.5689716339111328
6700300-024,6700300-020,2.1804847717285156
6700300-008,6700300-012,5.812819004058838
6700400-003,6700400-001,1.1997393369674683
6700600-010,6700600-005,3.3753364086151123
6700700-013,6700700-002,1.8706538677215576
6702200-005,6702600-004,3.5863873958587646
6703500-013,6703500-048,1.0945466756820679
6703300-026,6703300-030,0.6138427257537842
6703400-028,6703400-029,0.4015839993953705
6703200-043,6703200-013,1.3679357767105103
6700300-001,6700300-009,2.226924180984497
6700300-020,6700300-022,4.061872959136963
6703500-048,6703500-005,1.154841661453247
6702600-006,6702600-002,4.275840759277344
6703100-005,6703100-034,0.4176594316959381
6701200-017,6701400-008,2.3849434852600098
6702700-018,6702700-010,2.4796252250671387
6703000-004,6702900-009,4.149265766143799
6700900-005,6700900-002,2.1206705570220947
6703200-020,6703200-002,0.3762132525444031
6702100-007,6702100-010,2.256535530090332
6700400-002,6700100-012,2.7818045616149902
6703200-019,6703200-006,0.6671397089958191
6702600-002,6702600-004,1.5494976043701172
6703500-002,6703500-010,0.6152316331863403
6703600-011,6703600-010,0.7296616435050964
6700700-001,6700700-005,0.8076333403587341
6703300-037,6703300-017,1.469404697418213
6700700-020,6700700-018,0.9125012755393982
6701000-005,6700900-012,5.796523571014404
6702700-010,6702700-011,0.8869192600250244
6703100-010,6703100-004,1.7744386196136475
6703600-004,6703600-007,2.3454673290252686
6702500-003,6702600-005,3.071272611618042
6703600-003,6703600-011,1.3674565553665161
6702900-008,6702900-012,1.913622498512268
6701300-003,6701700-008,3.28110933303833
6702200-002,6702000-008,2.2336742877960205
6701400-006,6701400-005,1.3809435367584229
6700900-005,6701000-003,1.1057102680206299
6703500-003,6702100-011,0.9901762008666992
6701500-005,6701500-007,4.2335309982299805
6700300-015,6700500-004,3.2210474014282227
6702200-007,6701800-019,2.6277015209198
6700100-022,6700100-020,1.627840280532837
6700200-012,6700200-004,1.0495266914367676
6701700-008,6701700-009,2.3679890632629395
6703100-033,6703100-001,1.5865962505340576
6701800-014,6701800-009,1.7180912494659424
6703100-019,6703200-027,1.0452425479888916
6700400-006,6700400-002,1.9864598512649536
6701800-007,6701800-006,0.13814043998718262
6703200-014,6703200-025,0.4449276030063629
6700200-004,6700200-005,0.3229922950267792
6700200-023,6700200-018,2.858304023742676
6703400-012,6703400-010,0.42339175939559937
6701900-016,6701000-012,2.9647510051727295
6702200-004,6702200-003,1.194159984588623
6703200-026,6703200-035,0.9281557202339172
6703400-005,6703400-007,0.7458320260047913
6701900-010,6700700-024,2.0504887104034424
6702100-010,6702100-011,1.3852041959762573
6702300-006,6702300-001,4.838858604431152
6703100-039,6703100-021,1.0914009809494019
6700700-026,6700700-024,1.2160753011703491
6700100-021,6700200-008,1.657585859298706
6703400-016,6703400-021,0.49766531586647034
6701100-008,6702300-001,5.895716667175293
6701400-005,6700700-027,1.514978289604187
6703700-011,6703700-006,0.6375095248222351
6700500-012,6700500-015,2.4494872093200684
6702300-001,6702300-007,3.669537305831909
6700700-019,6700700-021,1.0739822387695312
6703400-004,6703100-026,0.5921867489814758
6702300-004,6702400-002,7.215546607971191
6702700-009,6702700-014,2.7013192176818848
6703500-014,6702100-011,2.1840946674346924
6703200-041,6702700-014,2.010089159011841
6702800-010,6702800-009,3.1564395427703857
6703700-013,6703700-015,0.2267681062221527
6703700-032,6703700-028,0.47836923599243164
6700100-017,6700200-010,2.5814757347106934
6702800-003,6702800-006,0.6970272064208984
6703700-006,6703700-012,0.48939239978790283
6700500-007,6700500-021,2.7949576377868652
6700800-001,6700800-006,0.7990206480026245
6702800-002,6702800-010,3.093407154083252
6700300-002,6700600-003,2.284860610961914
6701200-014,6701200-012,1.5651801824569702
6703500-047,6703500-021,1.2739853858947754
6703100-020,6703100-021,1.0290508270263672
6703200-041,6703200-033,0.8036196827888489
6703400-025,6703500-040,1.073712944984436
6701900-016,6701900-003,2.6830151081085205
6701800-020,6701800-015,2.6375558376312256
6700500-015,6700500-003,1.9842209815979004
6701300-004,6701300-005,3.1693408489227295
6700500-018,6700500-008,3.686074733734131
6702300-004,6702500-008,7.867392063140869
6702700-014,6703200-003,1.793325662612915
6703300-013,6703300-012,0.48567667603492737
6700200-010,6700200-011,2.017962694168091
6703400-015,6703400-011,0.5905531644821167
6702600-007,6701800-020,3.4796459674835205
6703300-003,6703300-004,0.8070410490036011
6703200-032,6703200-041,0.8225821852684021
6700200-022,6700200-021,1.562698245048523
6701900-004,6701900-006,2.1616671085357666
6701900-007,6701900-011,1.4013328552246094
6702000-005,6702000-003,2.6309635639190674
6702600-005,6702500-003,3.071272611618042
6703500-046,6703500-038,1.137442946434021
6700600-004,6700600-003,2.6923325061798096
6700100-002,6700100-013,0.6007421612739563
6703500-007,6703500-046,0.726569652557373
6703400-041,6703400-040,1.1193907260894775
6700500-018,6700500-021,3.0797438621520996
6703500-016,6703500-051,1.8525758981704712
6702900-011,6702900-002,2.4448463916778564
6700400-008,6700600-016,1.589522123336792
6703400-015,6703400-024,0.7439428567886353
6701000-006,6701000-001,2.924583911895752
6702700-016,6703300-017,2.518920421600342
6703200-029,6703200-012,0.882139265537262
6702500-002,6702500-006,4.837142467498779
6703600-002,6703600-003,1.7427383661270142
6703300-028,6703300-010,0.8254687190055847
6700500-004,6700300-015,3.2210474014282227
6703500-046,6703500-051,1.009516716003418
6703200-025,6703200-014,0.4449276030063629
6700600-004,6700600-016,3.18881893157959
6700900-004,6700900-007,3.090695381164551
6700900-003,6700900-011,3.993011713027954
6703400-022,6703400-040,0.6925140023231506
6703100-038,6703100-037,1.6962851285934448
6702100-016,6701400-003,2.3318755626678467
6701800-013,6701800-001,1.2921428680419922
6701400-009,6701400-008,1.1201729774475098
6703100-030,6703100-038,1.5890822410583496
6700900-012,6700600-012,4.047330856323242
6703200-013,6703200-017,1.1208267211914062
6702200-006,6702600-001,2.350412130355835
6701800-005,6701800-002,1.781490445137024
6700300-022,6700300-015,3.20854115486145
6701800-008,6701800-007,0.17379939556121826
6702100-016,6702100-006,1.3650299310684204
6703100-009,6702000-004,1.6992205381393433
6703200-006,6703200-014,0.5739573240280151
6701700-011,6701700-012,2.155315399169922
6700300-014,6700300-016,2.96635103225708
6703500-020,6703500-011,2.075192451477051
6702100-008,6702100-007,1.3299601078033447
6703600-013,6703600-003,0.5205379724502563
6700400-012,6700400-010,3.269496202468872
6702100-011,6702100-012,1.284340739250183
6703200-001,6703200-020,0.34971529245376587
6700100-001,6700100-016,1.3767346143722534
6702200-007,6702200-006,2.088928699493408
6700400-004,6700400-011,3.374354124069214
6700700-014,6700700-012,1.2745143175125122
6703700-012,6703700-007,0.5841404795646667
6701800-005,6701800-015,3.4667794704437256
6700200-009,6700100-019,1.433477759361267
6703100-007,6703100-003,2.195390224456787
6703200-028,6703200-015,0.6489959359169006
6702800-001,6702800-002,2.3006553649902344
6701100-003,6701100-005,0.9445623159408569
6703100-013,6702700-002,1.8045097589492798
6701200-012,6701200-008,2.163137435913086
6701800-016,6701800-002,2.7271218299865723
6703200-042,6703200-034,0.6779388189315796
6703700-016,6703700-018,0.40988287329673767
6700100-001,6700100-029,1.1625163555145264
6700500-014,6700400-008,3.604983329772949
6702800-015,6703100-013,2.499553680419922
6701500-003,6701500-002,1.5451635122299194
6702900-005,6701800-016,3.9063189029693604
6700900-009,6700400-003,1.8765339851379395
6701500-021,6701500-019,1.6156854629516602
6702200-004,6701800-018,3.6119744777679443
6701500-012,6701200-016,1.6741210222244263
6701800-011,6701800-008,2.0580453872680664
6703300-024,6703200-029,0.7687495946884155
